 1,0.0008
2,0.0005
3,0.0004
4,0.0006
5,0.0007
6,0.0007
7,0.0006
8,0.0011
9,0.0338
10,0.0014
11,0.0006
12,0.0043
13,0.0008
14,0.0017
15,0.0019
16,0.003
17,0.0006
18,0.0009
19,0.0009
20,0.0033
21,0.0047
22,0.0019
23,0.0035
24,0.0022
25,0.0012
26,0.0015
27,0.005
28,0.0029
29,0.0056
30,0.0054
31,0.0023
32,0.0053
33,0.0022
34,0.0055
35,0.0096
36,0.0172
37,0.0101
38,0.0162
39,0.0015
40,0.0039
41,0.0043
42,0.0044
43,0.0058
44,0.0018
45,0.0027
46,0.0071
47,0.0039
48,0.0035
49,0.006
50,0.0081
51,0.0043
52,0.0067
53,0.0065
54,0.0262
55,0.0086
56,0.0111
57,0.003
58,0.0048
59,0.0075
60,0.0058
61,0.0087
62,0.0044
63,0.0084
64,0.0058
65,0.0067
66,0.0047
67,0.0056
68,0.0109
69,0.0096
70,0.0072
71,0.0078
72,0.0122
73,0.0052
74,0.0063
75,0.0076
76,0.0066
77,0.011
78,0.009
79,0.0038
80,0.003
81,0.0097
82,0.0201
83,0.0083
84,0.0032
85,0.0127
86,0.0036
87,0.0094
88,0.0072
89,0.008
90,0.008
91,0.0129
92,0.0127
93,0.0377
94,0.015
95,0.0224
96,0.0124
97,0.0075
98,0.0167
99,0.0062
100,0.0146
101,0.0287
102,0.0185
103,0.018
104,0.0198
105,0.0088
106,0.0129
107,0.0288
108,0.0185
109,0.0234
110,0.0032
111,0.0209
112,0.0185
113,0.0246
114,0.0089
115,0.0162
116,0.0124
117,0.0201
118,0.0113
119,0.0132
120,0.0088
121,0.0103
122,0.0137
123,0.0201
124,0.0081
125,0.0172
126,0.019
127,0.0335
128,0.0179
129,0.0188
130,0.0042
131,0.0182
132,0.0174
133,0.0221
134,0.0182
135,0.0164
136,0.0178
137,0.0128
138,0.0158
139,0.0179
140,0.007
141,0.0304
142,0.0189
143,0.008
144,0.0065
145,0.0138
146,0.0152
147,0.0111
148,0.0121
149,0.0184
150,0.0084
151,0.0175
152,0.014
153,0.0205
154,0.0224
155,0.0191
156,0.0241
157,0.0315
158,0.0207
159,0.0168
160,0.0223
161,0.015
162,0.0191
163,0.0173
164,0.0124
165,0.015
166,0.0301
167,0.012
168,0.0251
169,0.0234
170,0.0177
171,0.0159
172,0.0375
173,0.0428
174,0.0103
175,0.0194
176,0.0162
177,0.0264
178,0.0151
179,0.0236
180,0.0294
181,0.0293
182,0.0297
183,0.0167
184,0.0171
185,0.0288
186,0.0256
187,0.0129
188,0.0343
189,0.029
190,0.0322
191,0.0663
192,0.0126
193,0.0109
194,0.0436
195,0.0462
196,0.0124
197,0.028
198,0.0229
199,0.0229
200,0.0204
201,0.0139
202,0.0193
203,0.0292
204,0.0349
205,0.0287
206,0.022
207,0.01
208,0.0279
209,0.0258
210,0.0571
211,0.0139
212,0.0327
213,0.0196
214,0.0395
215,0.0151
216,0.0231
217,0.0779
218,0.025
219,0.0238
220,0.0256
221,0.013
222,0.013
223,0.0193
224,0.0226
225,0.0272
226,0.0299
227,0.0248
228,0.0225
229,0.0295
230,0.0297
231,0.0362
232,0.0292
233,0.0276
234,0.0274
235,0.018
236,0.0401
237,0.043
238,0.037
239,0.0525
240,0.0259
241,0.0497
242,0.0306
243,0.0387
244,0.0188
245,0.023
246,0.0542
247,0.028
248,0.0492
249,0.0142
250,0.0192
251,0.0228
252,0.0455
253,0.0212
254,0.0233
255,0.0491
256,0.0506
257,0.0342
258,0.0394
259,0.0463
260,0.079
261,0.0391
262,0.0481
263,0.0327
264,0.0346
265,0.0386
266,0.0263
267,0.0284
268,0.0204
269,0.0289
270,0.0406
271,0.0288
272,0.0313
273,0.0223
274,0.0279
275,0.0219
276,0.0223
277,0.0292
278,0.0315
279,0.0458
280,0.0256
281,0.0259
282,0.0229
283,0.0228
284,0.0304
285,0.0397
286,0.0297
287,0.0221
288,0.0542
289,0.029
290,0.0692
291,0.0513
292,0.0249
293,0.0286
294,0.0315
295,0.0333
296,0.0276
297,0.0252
298,0.0221
299,0.0789
300,0.0774
301,0.0328
302,0.0269
303,0.0208
304,0.0163
305,0.0364
306,0.04
307,0.0393
308,0.0251
309,0.0246
310,0.0417
311,0.0234
312,0.04
313,0.0329
314,0.016
315,0.0438
316,0.0285
317,0.0615
318,0.0416
319,0.0405
320,0.0506
321,0.0197
322,0.0488
323,0.032
324,0.0632
325,0.0469
326,0.0415
327,0.0563
328,0.0568
329,0.0194
330,0.0487
331,0.028
332,0.0308
333,0.0795
334,0.0322
335,0.0349
336,0.0405
337,0.0487
338,0.032
339,0.0331
340,0.0676
341,0.0182
342,0.044
343,0.0649
344,0.0321
345,0.0322
346,0.0274
347,0.0301
348,0.0405
349,0.039
350,0.0231
351,0.049
352,0.0582
353,0.0703
354,0.0364
355,0.0472
356,0.0214
357,0.0235
358,0.0381
359,0.0375
360,0.0523
361,0.0508
362,0.0793
363,0.0439
364,0.0288
365,0.0272
366,0.0402
367,0.0283
368,0.0566
369,0.0462
370,0.1229
371,0.037
372,0.0606
373,0.0237
374,0.0404
375,0.0453
376,0.0392
377,0.054
378,0.0448
379,0.0473
380,0.0781
381,0.0516
382,0.0472
383,0.0362
384,0.0285
385,0.0583
386,0.0441
387,0.0643
388,0.0487
389,0.0364
390,0.0339
391,0.043
392,0.022
393,0.0384
394,0.0507
395,0.042
396,0.046
397,0.0495
398,0.0657
399,0.0688
400,0.0534
401,0.032
402,0.097
403,0.0727
404,0.0521
405,0.0789
406,0.0422
407,0.048
408,0.0585
409,0.0544
410,0.0555
411,0.0559
412,0.0443
413,0.0434
414,0.0325
415,0.0699
416,0.0483
417,0.0418
418,0.0317
419,0.0488
420,0.0557
421,0.0522
422,0.0633
423,0.0442
424,0.0555
425,0.0606
426,0.0568
427,0.0708
428,0.0729
429,0.0538
430,0.0367
431,0.0679
432,0.0613
433,0.058
434,0.0587
435,0.0364
436,0.042
437,0.0671
438,0.0505
439,0.0506
440,0.0447
441,0.0617
442,0.059
443,0.0464
444,0.0572
445,0.041
446,0.0893
447,0.0271
448,0.0837
449,0.0338
450,0.0561
451,0.0563
452,0.0866
453,0.0498
454,0.0574
455,0.0503
456,0.0693
457,0.0535
458,0.0689
459,0.0469
460,0.0555
461,0.0599
462,0.0468
463,0.0389
464,0.0709
465,0.0758
466,0.0873
467,0.089
468,0.0535
469,0.0745
470,0.0626
471,0.0914
472,0.0581
473,0.0731
474,0.0598
475,0.0416
476,0.0373
477,0.0496
478,0.0616
479,0.1214
480,0.1302
481,0.0823
482,0.0976
483,0.0996
484,0.1023
485,0.1017
486,0.0604
487,0.0523
488,0.096
489,0.0559
490,0.0489
491,0.0582
492,0.0534
493,0.0476
494,0.0353
495,0.092
496,0.051
497,0.084
498,0.0598
499,0.0684
500,0.0499
501,0.0543
502,0.0572
503,0.0526
504,0.065
505,0.0556
506,0.0675
507,0.0543
508,0.0775
509,0.0672
510,0.0497
511,0.0742
512,0.0477
513,0.0505
514,0.0622
515,0.0573
516,0.0586
517,0.0666
518,0.0643
519,0.0592
520,0.0768
521,0.0666
522,0.0953
523,0.0444
524,0.1442
525,0.0786
526,0.061
527,0.0719
528,0.046
529,0.0596
530,0.0554
531,0.0873
532,0.0941
533,0.07
534,0.0907
535,0.0652
536,0.0483
537,0.0744
538,0.0736
539,0.0763
540,0.0878
541,0.0696
542,0.0583
543,0.0463
544,0.0604
545,0.0527
546,0.0864
547,0.0816
548,0.0861
549,0.0747
550,0.0628
551,0.0785
552,0.0781
553,0.07
554,0.0876
555,0.0805
556,0.0681
557,0.0699
558,0.0524
559,0.083
560,0.1088
561,0.0532
562,0.1617
563,0.0714
564,0.0659
565,0.0426
566,0.0745
567,0.0673
568,0.0848
569,0.0949
570,0.0577
571,0.0707
572,0.0677
573,0.0905
574,0.0489
575,0.0719
576,0.0951
577,0.0644
578,0.0633
579,0.0725
580,0.0704
581,0.0867
582,0.0851
583,0.0981
584,0.0731
585,0.0776
586,0.0677
587,0.0871
588,0.0681
589,0.06
590,0.0672
591,0.0888
592,0.0706
593,0.0608
594,0.0816
595,0.0741
596,0.0513
597,0.0664
598,0.0743
599,0.0795
600,0.0602
601,0.0596
602,0.1191
603,0.0636
604,0.0814
605,0.0709
606,0.1219
607,0.0828
608,0.075
609,0.0934
610,0.0886
611,0.1119
612,0.0924
613,0.1583
614,0.0932
615,0.1235
616,0.0828
617,0.0493
618,0.1105
619,0.1141
620,0.0728
621,0.0832
622,0.0671
623,0.1056
624,0.0914
625,0.078
626,0.0784
627,0.0867
628,0.0626
629,0.0732
630,0.0676
631,0.0669
632,0.0671
633,0.0904
634,0.0936
635,0.0632
636,0.1065
637,0.0694
638,0.0766
639,0.0766
640,0.0679
641,0.0823
642,0.0789
643,0.0954
644,0.0756
645,0.1145
646,0.048
647,0.0763
648,0.1174
649,0.0967
650,0.1204
651,0.0854
652,0.0787
653,0.0656
654,0.0912
655,0.1075
656,0.0582
657,0.1117
658,0.081
659,0.1142
660,0.0922
661,0.0856
662,0.0838
663,0.1082
664,0.0866
665,0.0943
666,0.0952
667,0.1171
668,0.0875
669,0.0832
670,0.1128
671,0.0712
672,0.0975
673,0.0726
674,0.1055
675,0.0929
676,0.0825
677,0.0767
678,0.0867
679,0.1178
680,0.1294
681,0.1282
682,0.0824
683,0.1172
684,0.115
685,0.0886
686,0.0965
687,0.1076
688,0.1075
689,0.09
690,0.1127
691,0.0853
692,0.1282
693,0.0797
694,0.1125
695,0.0874
696,0.0423
697,0.072
698,0.0777
699,0.067
700,0.089
701,0.0996
702,0.0701
703,0.0953
704,0.1178
705,0.08
706,0.0813
707,0.0928
708,0.0799
709,0.092
710,0.1511
711,0.1095
712,0.1218
713,0.1511
714,0.1203
715,0.0611
716,0.0637
717,0.0722
718,0.1093
719,0.0782
720,0.1138
721,0.0801
722,0.0887
723,0.0776
724,0.0707
725,0.0922
726,0.0865
727,0.1063
728,0.0853
729,0.093
730,0.0941
731,0.1098
732,0.0925
733,0.1236
734,0.1146
735,0.1315
736,0.064
737,0.0976
738,0.085
739,0.0819
740,0.0875
741,0.113
742,0.095
743,0.1189
744,0.11
745,0.087
746,0.1264
747,0.1429
748,0.0592
749,0.0629
750,0.1374
751,0.1224
752,0.0827
753,0.0725
754,0.1178
755,0.1145
756,0.118
757,0.0837
758,0.1204
759,0.0772
760,0.1377
761,0.0855
762,0.1347
763,0.1315
764,0.1305
765,0.1411
766,0.1258
767,0.0694
768,0.1329
769,0.1203
770,0.1045
771,0.1106
772,0.1189
773,0.1191
774,0.1077
775,0.1149
776,0.146
777,0.1123
778,0.1229
779,0.1207
780,0.1261
781,0.1141
782,0.1075
783,0.079
784,0.1111
785,0.083
786,0.1324
787,0.0835
788,0.1174
789,0.0881
790,0.1143
791,0.1403
792,0.1261
793,0.1234
794,0.0917
795,0.1179
796,0.1148
797,0.1397
798,0.1087
799,0.1484
800,0.0802
801,0.1588
802,0.0955
803,0.0898
804,0.1371
805,0.112
806,0.1447
807,0.121
808,0.1166
809,0.0798
810,0.0907
811,0.131
812,0.0832
813,0.0937
814,0.0968
815,0.1111
816,0.1235
817,0.1505
818,0.1134
819,0.1175
820,0.1315
821,0.1244
822,0.1147
823,0.1505
824,0.0835
825,0.1307
826,0.1235
827,0.0868
828,0.1213
829,0.1265
830,0.1147
831,0.117
832,0.088
833,0.0926
834,0.1474
835,0.1065
836,0.0952
837,0.1193
838,0.1449
839,0.1123
840,0.1304
841,0.1701
842,0.1506
843,0.0979
844,0.1255
845,0.1167
846,0.1407
847,0.14
848,0.1331
849,0.1347
850,0.119
851,0.1401
852,0.1186
853,0.1191
854,0.1816
855,0.0913
856,0.1346
857,0.1453
858,0.0803
859,0.0884
860,0.1332
861,0.126
862,0.1066
863,0.1355
864,0.1324
865,0.133
866,0.1417
867,0.1446
868,0.1144
869,0.0941
870,0.0938
871,0.1368
872,0.1585
873,0.1192
874,0.1371
875,0.1509
876,0.067
877,0.1292
878,0.162
879,0.1169
880,0.1097
881,0.2246
882,0.1604
883,0.0877
884,0.1143
885,0.0958
886,0.107
887,0.1527
888,0.1182
889,0.1174
890,0.1475
891,0.1072
892,0.105
893,0.1692
894,0.1146
895,0.1518
896,0.1558
897,0.1452
898,0.1103
899,0.1722
900,0.1222
901,0.0808
902,0.1195
903,0.1189
904,0.1614
905,0.118
906,0.1435
907,0.1576
908,0.1491
909,0.1432
910,0.1427
911,0.1554
912,0.1467
913,0.1302
914,0.1393
915,0.1378
916,0.1329
917,0.1658
918,0.1562
919,0.1135
920,0.1404
921,0.132
922,0.1081
923,0.1355
924,0.1429
925,0.1289
926,0.1214
927,0.151
928,0.1084
929,0.1569
930,0.1414
931,0.1477
932,0.1271
933,0.1286
934,0.3298
935,0.097
936,0.0895
937,0.1539
938,0.1327
939,0.1319
940,0.1418
941,0.1422
942,0.136
943,0.15
944,0.1366
945,0.0942
946,0.1385
947,0.1129
948,0.1102
949,0.2402
950,0.1544
951,0.1676
952,0.2203
953,0.1753
954,0.1401
955,0.2062
956,0.1619
957,0.1433
958,0.1423
959,0.136
960,0.2493
961,0.0932
962,0.1527
963,0.1839
964,0.1323
965,0.1288
966,0.1468
967,0.1044
968,0.3468
969,0.1568
970,0.1466
971,0.1916
972,0.1184
973,0.1461
974,0.1669
975,0.1875
976,0.1382
977,0.1707
978,0.1487
979,0.1103
980,0.1343
981,0.6993
982,0.1625
983,0.1463
984,0.1502
985,0.137
986,0.169
987,0.1823
988,0.1514
989,0.1565
990,0.1385
991,0.1393
992,0.1069
993,0.1731
994,0.1566
995,0.1566
996,0.1466
997,0.1525
998,0.1469
999,0.139
1000,0.1794
1001,0.1206
1002,0.1596
1003,0.1811
1004,0.1478
1005,0.1247
1006,0.1415
1007,0.1464
1008,0.1982
1009,0.1752
1010,0.1813
1011,0.137
1012,0.1664
1013,0.1144
1014,0.159
1015,0.1301
1016,0.1518
1017,0.1293
1018,0.1277
1019,0.1584
1020,0.1513
1021,0.1725
1022,0.1543
1023,0.1658
1024,0.1758
1025,0.1312
1026,0.1593
1027,0.1507
1028,0.1324
1029,0.1898
1030,0.1279
1031,0.1723
1032,0.1176
1033,0.1316
1034,0.1454
1035,0.1859
1036,0.208
1037,0.1612
1038,0.126
1039,0.1928
1040,0.1237
1041,0.1627
1042,0.1511
1043,0.1324
1044,0.1243
1045,0.183
1046,0.1569
1047,0.1371
1048,0.1589
1049,0.1325
1050,0.14
1051,0.1702
1052,0.129
1053,0.1531
1054,0.2298
1055,0.1772
1056,0.0992
1057,0.1548
1058,0.1516
1059,0.1859
1060,0.0981
1061,0.1385
1062,0.1753
1063,0.1232
1064,0.149
1065,0.1672
1066,0.2814
1067,0.1795
1068,0.1485
1069,0.1584
1070,0.1793
1071,0.15
1072,0.1707
1073,0.1805
1074,0.2106
1075,0.2495
1076,0.1635
1077,0.148
1078,0.1728
1079,0.1585
1080,0.1198
1081,0.1749
1082,0.1721
1083,0.1742
1084,0.1093
1085,0.1338
1086,0.152
1087,0.1475
1088,0.205
1089,0.1386
1090,0.1369
1091,0.1555
1092,0.1242
1093,0.169
1094,0.132
1095,0.1652
1096,0.1838
1097,0.1922
1098,0.1726
1099,0.194
1100,0.132
1101,0.1606
1102,0.1637
1103,0.1647
1104,0.1671
1105,0.1566
1106,0.1563
1107,0.1696
1108,0.173
1109,0.1778
1110,0.1684
1111,0.1626
1112,0.1697
1113,0.1691
1114,0.1813
1115,0.1405
1116,0.1823
1117,0.1598
1118,0.4067
1119,0.1643
1120,0.1774
1121,0.202
1122,0.1905
1123,0.2121
1124,0.1626
1125,0.1691
1126,0.1462
1127,0.1632
1128,0.1352
1129,0.1849
1130,0.1802
1131,0.1731
1132,0.1435
1133,0.1401
1134,0.2254
1135,0.1621
1136,0.1575
1137,0.1695
1138,0.1313
1139,0.1699
1140,0.1747
1141,0.1769
1142,0.1649
1143,0.1813
1144,0.1711
1145,0.2182
1146,0.1454
1147,0.1631
1148,0.1478
1149,0.1705
1150,0.1574
1151,0.1542
1152,0.188
1153,0.1715
1154,0.185
1155,0.1406
1156,0.1508
1157,0.1568
1158,0.1877
1159,0.1948
1160,0.1492
1161,0.29
1162,0.1699
1163,0.1322
1164,0.2083
1165,0.1894
1166,0.1553
1167,0.165
1168,0.2135
1169,0.1685
1170,0.1788
1171,0.158
1172,0.171
1173,0.1761
1174,0.1796
1175,0.1741
1176,0.1702
1177,0.1562
1178,0.186
1179,0.1585
1180,0.2024
1181,0.1517
1182,0.1569
1183,0.3369
1184,0.1742
1185,0.1386
1186,0.1522
1187,0.1888
1188,0.1793
1189,0.1588
1190,0.1662
1191,0.1395
1192,0.1817
1193,0.1722
1194,0.1686
1195,0.1583
1196,0.1865
1197,0.21
1198,0.1315
1199,0.2017
1200,0.1331
1201,0.198
1202,0.2454
1203,0.3346
1204,0.1832
1205,0.1713
1206,0.1551
1207,0.2026
1208,0.1164
1209,0.163
1210,0.2029
1211,0.1418
1212,0.1448
1213,0.18
1214,0.1933
1215,0.2689
1216,0.1673
1217,0.2047
1218,0.1643
1219,0.2027
1220,0.1545
1221,0.2154
1222,0.1667
1223,0.1853
1224,0.1592
1225,0.1625
1226,0.1911
1227,0.1657
1228,0.2046
1229,0.138
1230,0.2189
1231,0.2053
1232,0.1957
1233,0.1563
1234,0.225
1235,0.2455
1236,0.1909
1237,0.1143
1238,0.1724
1239,0.1283
1240,0.1254
1241,0.1942
1242,0.249
1243,0.181
1244,0.1737
1245,0.1805
1246,0.1791
1247,0.1787
1248,0.1479
1249,0.1872
1250,0.1497
1251,0.173
1252,0.1484
1253,0.2504
1254,0.2761
1255,0.1859
1256,0.1525
1257,0.1673
1258,0.2378
1259,0.2314
1260,0.1684
1261,0.1885
1262,0.1567
1263,0.1898
1264,0.1688
1265,0.2246
1266,0.1589
1267,0.1362
1268,0.2549
1269,0.201
1270,0.1614
1271,0.1959
1272,0.1541
1273,0.1851
1274,0.2044
1275,0.1982
1276,0.1661
1277,0.2053
1278,0.2436
1279,0.1555
1280,0.1565
1281,0.2147
1282,0.191
1283,0.1812
1284,0.184
1285,0.2412
1286,0.2023
1287,0.3455
1288,0.3324
1289,0.2079
1290,0.1811
1291,0.207
1292,0.254
1293,0.1517
1294,0.1774
1295,0.2715
1296,0.176
1297,0.1472
1298,0.184
1299,0.1779
1300,0.1996
1301,0.5081
1302,0.2207
1303,0.2175
1304,0.1812
1305,0.2619
1306,0.2553
1307,0.2082
1308,0.1709
1309,0.2167
1310,0.1479
1311,0.2037
1312,0.1758
1313,0.2115
1314,0.1669
1315,0.1782
1316,0.1851
1317,0.2834
1318,0.1907
1319,0.2064
1320,0.2096
1321,0.2003
1322,0.1498
1323,0.1923
1324,0.298
1325,0.1934
1326,0.2534
1327,0.2118
1328,0.2111
1329,0.1628
1330,0.1964
1331,0.1465
1332,0.3027
1333,0.1891
1334,0.1937
1335,0.1526
1336,0.2844
1337,0.2454
1338,0.1905
1339,0.2198
1340,0.1854
1341,0.1797
1342,0.1071
1343,0.2154
1344,0.1873
1345,0.1334
1346,0.2022
1347,0.1408
1348,0.1566
1349,0.236
1350,0.204
1351,0.1724
1352,0.1845
1353,0.1718
1354,0.2348
1355,0.1975
1356,0.1791
1357,0.3445
1358,0.1592
1359,0.1488
1360,0.1419
1361,0.2477
1362,0.2356
1363,0.2088
1364,0.1824
1365,0.1997
1366,0.1953
1367,0.2055
1368,0.211
1369,0.1678
1370,0.2053
1371,0.1763
1372,0.2041
1373,0.1408
1374,0.1819
1375,0.195
1376,0.1932
1377,0.1933
1378,0.2201
1379,0.1595
1380,0.1693
1381,0.1647
1382,0.1803
1383,0.3332
1384,0.1813
1385,0.2489
1386,0.2634
1387,0.207
1388,0.2235
1389,0.1938
1390,0.1703
1391,0.201
1392,0.1696
1393,0.1375
1394,0.1648
1395,0.2944
1396,0.1735
1397,0.4058
1398,0.1698
1399,0.1466
1400,0.2441
1401,0.1974
1402,0.2105
1403,0.1742
1404,0.2104
1405,0.1804
1406,0.2151
1407,0.1788
1408,0.2956
1409,0.2114
1410,0.1697
1411,0.2346
1412,0.2183
1413,0.2984
1414,0.2044
1415,0.1987
1416,0.2785
1417,0.3098
1418,0.1965
1419,0.2036
1420,0.264
1421,0.2209
1422,0.2036
1423,0.1856
1424,0.1836
1425,0.2017
1426,0.2076
1427,0.2357
1428,0.2694
1429,0.231
1430,0.2395
1431,0.2465
1432,0.1757
1433,0.1788
1434,0.2052
1435,0.1961
1436,0.1703
1437,0.2901
1438,0.2383
1439,0.2151
1440,0.6261
1441,0.2854
1442,0.1854
1443,0.2081
1444,0.2301
1445,0.2009
1446,0.1901
1447,0.1786
1448,0.2511
1449,0.1877
1450,0.1729
1451,0.1771
1452,0.2055
1453,0.2556
1454,0.1922
1455,0.2423
1456,0.1882
1457,0.1918
1458,0.1867
1459,0.2613
1460,0.2416
1461,0.2201
1462,0.1906
1463,0.2584
1464,0.2178
1465,0.2074
1466,0.2856
1467,0.3836
1468,0.1741
1469,0.2032
1470,0.2442
1471,0.2094
1472,0.223
1473,0.2131
1474,0.2426
1475,0.2739
1476,0.2738
1477,0.2316
1478,0.201
1479,0.2068
1480,0.2483
1481,0.2163
1482,0.4782
1483,0.2153
1484,0.1778
1485,0.2342
1486,0.2828
1487,0.1919
1488,0.2469
1489,0.24
1490,0.2156
1491,0.1681
1492,0.2231
1493,0.2183
1494,0.2686
1495,0.1985
1496,0.1915
1497,0.1669
1498,0.2096
1499,0.2089
1500,0.2816
1501,0.2087
1502,0.27
1503,0.2782
1504,0.1829
1505,0.2002
1506,0.2769
1507,0.1881
1508,0.1709
1509,0.2529
1510,0.1757
1511,0.2139
1512,0.2438
1513,0.2095
1514,0.184
1515,0.2807
1516,0.3157
1517,0.2758
1518,0.2433
1519,0.2299
1520,0.2595
1521,0.3033
1522,0.2504
1523,0.2686
1524,0.1716
1525,0.3434
1526,0.2725
1527,0.2404
1528,0.4417
1529,0.2091
1530,0.2743
1531,0.265
1532,0.1974
1533,0.2379
1534,0.2656
1535,0.1878
1536,0.2159
1537,0.221
1538,0.1903
1539,0.2661
1540,0.2677
1541,0.2877
1542,0.2325
1543,0.2413
1544,0.3466
1545,0.3063
1546,0.2378
1547,0.2463
1548,0.2144
1549,0.29
1550,0.1993
1551,0.1944
1552,0.2892
1553,0.2605
1554,0.2634
1555,0.2643
1556,0.2133
1557,0.2656
1558,0.2951
1559,0.3017
1560,0.17
1561,0.2097
1562,0.2154
1563,0.3445
1564,0.2786
1565,0.2685
1566,0.1899
1567,0.2954
1568,0.2047
1569,0.1664
1570,0.2634
1571,0.2223
1572,0.3491
1573,0.214
1574,0.2422
1575,0.4735
1576,0.2213
1577,0.2523
1578,0.2476
1579,0.2174
1580,0.2334
1581,0.2576
1582,0.2068
1583,0.2791
1584,0.2283
1585,0.2884
1586,0.2983
1587,0.2526
1588,0.2577
1589,0.424
1590,0.2845
1591,0.2662
1592,0.1997
1593,0.2068
1594,0.2798
1595,0.2752
1596,0.2653
1597,0.3057
1598,0.2095
1599,0.2342
1600,0.2771
1601,0.2138
1602,0.3665
1603,0.2685
1604,0.2922
1605,0.3298
1606,0.2352
1607,0.2815
1608,0.2165
1609,0.2258
1610,0.3031
1611,0.2804
1612,0.222
1613,0.2221
1614,0.266
1615,0.3396
1616,0.2984
1617,0.2106
1618,0.2657
1619,0.3014
1620,0.2542
1621,0.2802
1622,0.232
1623,0.3539
1624,0.2851
1625,0.3054
1626,0.2523
1627,0.2767
1628,0.2013
1629,0.2226
1630,0.2179
1631,0.2119
1632,0.3175
1633,0.3026
1634,0.2223
1635,0.2803
1636,0.3287
1637,0.2411
1638,0.3103
1639,0.1978
1640,0.2467
1641,0.2025
1642,0.4177
1643,0.2629
1644,0.2309
1645,0.232
1646,0.2672
1647,0.2597
1648,0.3461
1649,0.2469
1650,0.2835
1651,0.2774
1652,0.2788
1653,0.3006
1654,0.3215
1655,0.3028
1656,0.3347
1657,0.2069
1658,0.339
1659,0.283
1660,0.2755
1661,0.3188
1662,0.2129
1663,0.3647
1664,0.2796
1665,0.2819
1666,0.2667
1667,0.3374
1668,0.2604
1669,0.2062
1670,0.1962
1671,0.2234
1672,0.2512
1673,0.2942
1674,0.2441
1675,0.3114
1676,0.2873
1677,0.2143
1678,0.292
1679,0.3075
1680,0.2925
1681,0.1991
1682,0.2672
1683,0.3817
1684,0.3065
1685,0.2835
1686,0.2467
1687,0.3263
1688,0.2006
1689,0.1943
1690,0.266
1691,0.3411
1692,0.2874
1693,0.3077
1694,0.255
1695,0.4035
1696,0.2952
1697,0.2188
1698,0.2558
1699,0.3169
1700,0.3069
1701,0.2443
1702,0.3285
1703,0.284
1704,0.3072
1705,0.2839
1706,0.2782
1707,0.2613
1708,0.3349
1709,0.271
1710,0.1882
1711,0.2821
1712,0.265
1713,0.2902
1714,0.2784
1715,0.29
1716,0.339
1717,0.3724
1718,0.3008
1719,0.2896
1720,0.2705
1721,0.2828
1722,0.251
1723,0.3215
1724,0.2614
1725,0.2493
1726,0.3529
1727,0.3327
1728,0.279
1729,0.4089
1730,0.1965
1731,0.305
1732,0.2227
1733,0.276
1734,0.259
1735,0.3197
1736,0.2144
1737,0.2877
1738,0.2616
1739,0.2972
1740,0.2472
1741,0.3284
1742,0.2735
1743,0.3272
1744,0.3108
1745,0.3259
1746,0.4009
1747,0.234
1748,0.2874
1749,0.2581
1750,0.3019
1751,0.2824
1752,0.331
1753,0.301
1754,0.2813
1755,0.3878
1756,0.3486
1757,0.2815
1758,0.2823
1759,0.2942
1760,0.3452
1761,0.2944
1762,0.3113
1763,0.2893
1764,0.3248
1765,0.2733
1766,0.332
1767,0.3284
1768,0.2841
1769,0.273
1770,0.3198
1771,0.2522
1772,0.3154
1773,0.2826
1774,0.3022
1775,0.2858
1776,0.3282
1777,0.2758
1778,0.2799
1779,0.3006
1780,0.3477
1781,0.2685
1782,0.2562
1783,0.8902
1784,0.2859
1785,0.3424
1786,0.2949
1787,0.2852
1788,0.3464
1789,0.2639
1790,0.2823
1791,0.2967
1792,0.2979
1793,0.2452
1794,0.2941
1795,0.341
1796,0.3688
1797,0.3032
1798,0.2629
1799,0.2874
1800,0.2996
1801,0.2694
1802,0.2479
1803,0.2475
1804,0.3458
1805,0.2881
1806,0.2791
1807,0.2783
1808,0.3044
1809,0.2852
1810,0.377
1811,0.2692
1812,0.3232
1813,0.2781
1814,0.2568
1815,0.3271
1816,0.3401
1817,0.3704
1818,0.2565
1819,0.3385
1820,0.3398
1821,0.2198
1822,0.3026
1823,0.3374
1824,0.5078
1825,0.2738
1826,0.2973
1827,0.2739
1828,0.2974
1829,0.3006
1830,0.3283
1831,0.1914
1832,0.2016
1833,0.2902
1834,0.2556
1835,0.328
1836,0.2873
1837,0.3298
1838,0.2725
1839,0.3253
1840,0.2872
1841,0.3035
1842,0.2972
1843,0.3052
1844,0.3189
1845,0.3426
1846,0.3801
1847,0.3299
1848,0.3126
1849,0.2617
1850,0.2888
1851,0.3143
1852,0.3367
1853,0.3182
1854,0.3485
1855,0.3216
1856,0.3521
1857,0.3904
1858,0.5076
1859,0.3069
1860,0.3304
1861,0.3214
1862,0.4087
1863,0.4073
1864,0.3809
1865,0.2982
1866,0.3825
1867,0.2541
1868,0.3944
1869,0.42
1870,0.2162
1871,0.294
1872,0.2661
1873,0.3087
1874,0.3603
1875,0.3148
1876,0.3976
1877,0.3304
1878,0.3121
1879,0.3004
1880,0.3231
1881,0.2851
1882,0.3663
1883,0.3278
1884,0.3354
1885,0.3048
1886,0.3541
1887,0.2776
1888,0.3791
1889,0.3233
1890,0.3269
1891,0.3994
1892,0.397
1893,0.27
1894,0.3295
1895,0.3629
1896,0.3794
1897,0.3394
1898,0.3567
1899,0.3142
1900,0.3286
1901,0.3467
1902,0.2833
1903,0.3732
1904,0.2945
1905,0.3042
1906,0.4113
1907,0.3067
1908,0.3261
1909,0.3461
1910,0.3311
1911,0.3046
1912,0.371
1913,0.2989
1914,0.3113
1915,0.3084
1916,0.3858
1917,0.3138
1918,0.3924
1919,0.3375
1920,0.3174
1921,0.3313
1922,0.3927
1923,0.3195
1924,0.4383
1925,0.3711
1926,0.7165
1927,0.3078
1928,0.4005
1929,0.3126
1930,0.3498
1931,0.3182
1932,0.3847
1933,0.5748
1934,0.4059
1935,0.3228
1936,0.401
1937,0.3559
1938,0.4672
1939,0.4106
1940,0.3449
1941,0.3218
1942,0.3078
1943,0.294
1944,0.3067
1945,0.3211
1946,0.3823
1947,0.3054
1948,0.3904
1949,0.413
1950,0.3648
1951,0.2803
1952,0.3874
1953,0.2645
1954,0.3468
1955,0.3507
1956,0.3388
1957,0.3629
1958,0.3982
1959,0.7327
1960,0.3892
1961,0.3884
1962,0.4789
1963,0.2843
1964,0.3238
1965,0.3042
1966,0.3292
1967,0.3492
1968,0.3159
1969,0.3487
1970,0.3326
1971,0.3606
1972,0.3039
1973,0.3082
1974,0.3737
1975,0.5037
1976,0.2993
1977,0.3309
1978,0.3237
1979,0.4079
1980,0.3204
1981,0.3716
1982,0.5088
1983,0.3178
1984,0.3076
1985,0.2822
1986,0.3311
1987,0.3164
1988,0.3672
1989,0.8601
1990,0.3754
1991,0.2684
1992,0.3835
1993,0.2312
1994,0.36
1995,0.3761
1996,0.4202
1997,0.4238
1998,0.4382
1999,0.3193
2000,0.3524
2001,0.3258
2002,0.3616
2003,0.6662
2004,0.3944
2005,0.2724
2006,0.8887
2007,0.3293
2008,0.4808
2009,0.3729
2010,0.3758
2011,0.3667
2012,0.3346
2013,0.3463
2014,0.3209
2015,0.3033
2016,0.3463
2017,0.2943
2018,0.4036
2019,0.2721
2020,0.3951
2021,0.29
2022,0.3189
2023,0.2765
2024,0.3139
2025,0.4682
2026,0.353
2027,0.303
2028,0.36
2029,0.3006
2030,0.4748
2031,0.3645
2032,0.2789
2033,0.3246
2034,0.5322
2035,0.3363
2036,0.3113
2037,0.3352
2038,0.3433
2039,0.3906
2040,0.4731
2041,0.4699
2042,0.4271
2043,0.347
2044,0.3606
2045,0.3644
2046,0.3079
2047,0.2568
2048,0.3676
2049,0.4068
2050,0.3462
2051,0.2758
2052,0.3529
2053,0.2842
2054,0.2733
2055,0.3465
2056,0.3188
2057,0.3837
2058,0.2988
2059,0.3944
2060,0.4013
2061,0.4193
2062,0.4132
2063,0.352
2064,0.3617
2065,0.4154
2066,0.3147
2067,0.3584
2068,0.3614
2069,0.3482
2070,0.3301
2071,0.3465
2072,0.3549
2073,0.4187
2074,0.4038
2075,0.3232
2076,0.4014
2077,0.7172
2078,0.4224
2079,0.3461
2080,0.2726
2081,0.9747
2082,0.3605
2083,0.2856
2084,0.3877
2085,0.4048
2086,0.3264
2087,0.356
2088,0.3272
2089,0.4185
2090,0.4081
2091,0.4699
2092,0.3839
2093,0.46
2094,0.6999
2095,0.3495
2096,0.4066
2097,0.3773
2098,0.3584
2099,0.2779
2100,0.3253
2101,0.3454
2102,0.3176
2103,0.3191
2104,0.4034
2105,0.3228
2106,0.325
2107,0.4685
2108,0.4023
2109,0.3787
2110,0.3747
2111,0.2929
2112,0.4386
2113,0.3517
2114,0.3886
2115,0.3749
2116,0.3196
2117,0.3976
2118,0.3152
2119,0.3263
2120,0.3613
2121,0.3411
2122,0.3818
2123,0.3633
2124,0.3709
2125,0.3625
2126,0.4262
2127,0.3538
2128,0.2985
2129,0.3334
2130,0.3355
2131,0.3674
2132,0.38
2133,0.4619
2134,0.4169
2135,0.4359
2136,0.3707
2137,0.3618
2138,0.3012
2139,0.374
2140,0.2995
2141,0.3315
2142,0.4199
2143,0.3978
2144,0.6629
2145,0.4037
2146,0.3495
2147,0.3046
2148,0.3308
2149,0.3628
2150,0.4013
2151,0.2892
2152,0.4009
2153,0.3944
2154,0.3982
2155,0.3934
2156,0.3821
2157,0.3461
2158,0.3361
2159,0.3952
2160,0.3045
2161,0.4062
2162,0.391
2163,0.4522
2164,0.3276
2165,0.4209
2166,0.4121
2167,0.3636
2168,0.3101
2169,0.3793
2170,0.3808
2171,0.4285
2172,0.3719
2173,0.478
2174,0.4245
2175,0.4196
2176,0.332
2177,0.353
2178,0.375
2179,0.4486
2180,0.3384
2181,0.3463
2182,0.5454
2183,0.3948
2184,0.3822
2185,0.3453
2186,0.28
2187,0.335
2188,0.4187
2189,0.3682
2190,0.9564
2191,0.3466
2192,0.3553
2193,0.3397
2194,0.4111
2195,0.3402
2196,0.3327
2197,0.3928
2198,0.3883
2199,0.3756
2200,0.358
2201,0.4572
2202,0.3068
2203,0.3756
2204,0.3817
2205,0.3969
2206,0.3458
2207,0.4186
2208,0.4316
2209,0.4595
2210,0.374
2211,0.3447
2212,0.3433
2213,0.406
2214,0.4656
2215,0.331
2216,0.454
2217,0.4802
2218,0.3895
2219,0.3852
2220,0.3743
2221,0.3048
2222,0.3986
2223,0.5126
2224,0.3775
2225,0.4523
2226,0.2841
2227,0.3819
2228,0.3828
2229,0.4571
2230,0.5341
2231,0.3752
2232,0.4213
2233,0.4489
2234,0.3606
2235,0.493
2236,0.3748
2237,0.3623
2238,0.3873
2239,0.3852
2240,0.3512
2241,0.4015
2242,0.4275
2243,0.4817
2244,0.4889
2245,0.417
2246,0.4032
2247,0.3633
2248,0.4496
2249,0.4799
2250,0.3176
2251,0.4027
2252,0.3875
2253,0.4642
2254,0.4129
2255,0.5029
2256,0.3267
2257,0.4149
2258,0.4033
2259,0.4616
2260,0.4004
2261,0.3606
2262,0.4465
2263,0.3612
2264,0.3764
2265,0.3659
2266,0.3367
2267,0.4238
2268,0.4281
2269,0.3161
2270,0.4589
2271,0.399
2272,0.3739
2273,0.4262
2274,0.6143
2275,0.351
2276,0.4853
2277,0.4171
2278,0.4018
2279,0.3068
2280,0.436
2281,0.3236
2282,0.5023
2283,0.3565
2284,0.3962
2285,0.4075
2286,0.2928
2287,0.3743
2288,0.3676
2289,0.3444
2290,0.3994
2291,0.3413
2292,0.3877
2293,0.4089
2294,0.3888
2295,0.414
2296,0.378
2297,0.3898
2298,0.3318
2299,0.4407
2300,0.3779
2301,0.4156
2302,0.3874
2303,0.3777
2304,0.4053
2305,0.3585
2306,0.3895
2307,0.4123
2308,0.4061
2309,0.501
2310,0.4905
2311,0.3609
2312,0.3921
2313,0.4196
2314,0.3727
2315,0.3793
2316,0.4212
2317,0.3541
2318,0.3414
2319,0.3163
2320,0.4597
2321,0.3381
2322,0.3913
2323,0.3695
2324,0.4644
2325,0.3464
2326,0.4304
2327,0.3995
2328,0.4258
2329,0.3414
2330,0.3847
2331,0.3794
2332,0.3894
2333,0.4218
2334,0.4182
2335,0.3619
2336,0.3988
2337,0.3712
2338,0.466
2339,0.3887
2340,0.4302
2341,0.3901
2342,0.4253
2343,0.3923
2344,0.3697
2345,0.3871
2346,0.3616
2347,0.3393
2348,0.4542
2349,0.3741
2350,0.6939
2351,0.4251
2352,0.4494
2353,0.4702
2354,0.3872
2355,0.3628
2356,0.3385
2357,0.4862
2358,0.4014
2359,0.3892
2360,0.4123
2361,0.4089
2362,0.3835
2363,0.7186
2364,0.4049
2365,0.407
2366,0.5202
2367,0.4302
2368,0.5005
2369,0.3522
2370,0.3135
2371,0.4994
2372,0.4719
2373,0.3543
2374,0.3775
2375,0.5512
2376,0.3949
2377,0.4478
2378,0.4912
2379,0.4265
2380,0.3991
2381,0.5039
2382,0.3805
2383,0.5337
2384,0.3894
2385,0.4732
2386,0.3272
2387,0.3488
2388,0.3356
2389,0.4538
2390,0.4898
2391,0.4691
2392,0.384
2393,0.4435
2394,0.4272
2395,0.5156
2396,0.4073
2397,0.4443
2398,0.3645
2399,0.5302
2400,0.4648
2401,0.4516
2402,0.3792
2403,0.471
2404,0.509
2405,0.3557
2406,0.4063
2407,0.5262
2408,0.4171
2409,0.3299
2410,0.3807
2411,0.3887
2412,0.3764
2413,0.43
2414,0.3696
2415,0.3526
2416,0.4891
2417,0.3714
2418,0.3911
2419,0.3446
2420,0.384
2421,0.441
2422,0.5676
2423,0.4524
2424,0.4617
2425,0.4583
2426,0.4345
2427,0.3807
2428,0.4389
2429,0.3842
2430,0.5047
2431,0.537
2432,0.4441
2433,0.4079
2434,0.5102
2435,0.3939
2436,0.4421
2437,0.5225
2438,0.4301
2439,0.4429
2440,0.4125
2441,0.707
2442,0.3763
2443,0.422
2444,0.4902
2445,0.3644
2446,0.48
2447,0.4211
2448,0.3612
2449,0.4583
2450,0.4211
2451,0.5559
2452,0.4717
2453,0.5196
2454,0.4968
2455,0.4424
2456,0.4746
2457,0.4608
2458,0.4238
2459,0.4427
2460,0.4005
2461,0.4715
2462,0.4748
2463,0.4095
2464,0.433
2465,0.3902
2466,0.4297
2467,0.4566
2468,0.3169
2469,0.4651
2470,0.4376
2471,0.4359
2472,0.4792
2473,0.3885
2474,0.4342
2475,0.5112
2476,0.5065
2477,0.5347
2478,0.4241
2479,0.5008
2480,0.3794
2481,0.3912
2482,0.4741
2483,0.4595
2484,0.3794
2485,0.4554
2486,0.4627
2487,0.4594
2488,0.4144
2489,0.5931
2490,0.508
2491,0.4257
2492,0.3837
2493,0.4461
2494,0.4478
2495,0.4705
2496,1.064
2497,0.5373
2498,0.5055
2499,0.4361
2500,0.4385
2501,0.3558
2502,1.0113
2503,0.3625
2504,0.4138
2505,0.3595
2506,0.4242
2507,0.3898
2508,0.4042
2509,0.4026
2510,0.4511
2511,0.4568
2512,0.4958
2513,0.4382
2514,0.481
2515,0.4753
2516,0.4504
2517,0.3697
2518,0.3333
2519,0.3981
2520,0.4848
2521,0.4376
2522,0.3927
2523,0.4722
2524,0.5447
2525,0.4196
2526,0.5317
2527,0.4176
2528,0.4252
2529,0.5239
2530,0.4752
2531,0.4734
2532,0.4242
2533,0.5156
2534,0.5048
2535,0.4548
2536,0.4463
2537,0.3923
2538,0.4343
2539,0.5012
2540,0.3493
2541,0.4103
2542,0.4154
2543,0.4981
2544,0.4509
2545,0.3972
2546,0.4494
2547,0.3918
2548,0.4862
2549,0.4144
2550,0.4219
2551,0.5178
2552,0.4602
2553,0.4424
2554,0.5211
2555,0.4384
2556,0.5914
2557,0.4101
2558,0.4321
2559,0.4712
2560,0.3926
2561,0.4472
2562,0.4448
2563,0.4132
2564,0.3529
2565,0.4497
2566,0.4165
2567,0.42
2568,0.3829
2569,0.4775
2570,0.4994
2571,0.4477
2572,0.4947
2573,0.4409
2574,0.5093
2575,0.4618
2576,0.4459
2577,0.5252
2578,1.0987
2579,0.4245
2580,0.4534
2581,0.5277
2582,0.3942
2583,0.437
2584,0.4224
2585,0.5728
2586,0.5078
2587,0.6207
2588,0.427
2589,0.4539
2590,0.4377
2591,0.4457
2592,0.3906
2593,0.5184
2594,0.3664
2595,0.4217
2596,0.4636
2597,0.4421
2598,0.4101
2599,0.4281
2600,0.4315
2601,0.516
2602,0.4168
2603,0.5136
2604,0.6209
2605,0.5719
2606,0.6612
2607,0.4379
2608,0.4796
2609,0.521
2610,0.4364
2611,0.8448
2612,0.4039
2613,0.4848
2614,0.4325
2615,0.4313
2616,0.418
2617,0.3483
2618,0.4672
2619,0.4215
2620,0.4275
2621,0.5757
2622,0.5388
2623,0.4638
2624,0.5066
2625,0.4378
2626,0.4071
2627,0.4342
2628,0.7172
2629,0.5924
2630,0.5913
2631,0.4752
2632,0.5322
2633,0.5453
2634,0.442
2635,0.3436
2636,0.431
2637,0.4552
2638,0.439
2639,0.4797
2640,0.5474
2641,0.455
2642,0.512
2643,0.4871
2644,0.4231
2645,0.4403
2646,0.4117
2647,0.4939
2648,0.4581
2649,0.3855
2650,0.4644
2651,0.3983
2652,0.4344
2653,0.3902
2654,0.3865
2655,0.4336
2656,0.4986
2657,0.5446
2658,0.5154
2659,0.5203
2660,0.6263
2661,0.4263
2662,0.5555
2663,1.6965
2664,0.4414
2665,0.4265
2666,0.3706
2667,0.4545
2668,0.4223
2669,0.4484
2670,0.586
2671,0.4782
2672,0.5447
2673,0.4105
2674,0.4767
2675,0.4935
2676,0.5443
2677,0.4063
2678,0.4865
2679,0.5376
2680,0.5259
2681,0.376
2682,0.4742
2683,0.5092
2684,0.468
2685,0.4815
2686,0.5266
2687,0.4527
2688,0.6349
2689,0.4404
2690,0.5626
2691,0.8972
2692,0.456
2693,0.5449
2694,0.4351
2695,0.6941
2696,0.5408
2697,0.4802
2698,0.5144
2699,0.4368
2700,0.4823
2701,0.5172
2702,0.3918
2703,0.4454
2704,0.6163
2705,0.5094
2706,0.5202
2707,0.5227
2708,0.4986
2709,0.3939
2710,0.4949
2711,0.3406
2712,0.5432
2713,0.3739
2714,0.4627
2715,0.6002
2716,0.5539
2717,0.3827
2718,0.4177
2719,0.414
2720,0.4921
2721,0.519
2722,0.6156
2723,0.6336
2724,0.4702
2725,0.3981
2726,0.4708
2727,0.5097
2728,0.5103
2729,0.4392
2730,0.4507
2731,0.507
2732,0.533
2733,0.4797
2734,0.6749
2735,0.4546
2736,0.453
2737,0.6403
2738,0.4746
2739,0.5242
2740,0.4821
2741,0.486
2742,0.4985
2743,0.6337
2744,0.4865
2745,0.4371
2746,0.5091
2747,0.4922
2748,0.4839
2749,0.5134
2750,0.3869
2751,0.478
2752,0.421
2753,0.4096
2754,0.5861
2755,0.4544
2756,0.5981
2757,0.4206
2758,0.5433
2759,0.4764
2760,0.4736
2761,0.5249
2762,0.449
2763,0.505
2764,0.5487
2765,0.4891
2766,0.602
2767,0.5045
2768,0.4353
2769,0.463
2770,0.4857
2771,0.4896
2772,0.5043
2773,1.2318
2774,0.4603
2775,0.4786
2776,0.6322
2777,0.454
2778,0.5289
2779,0.4927
2780,0.4692
2781,0.4147
2782,0.4066
2783,0.5338
2784,0.4716
2785,0.6299
2786,0.4677
2787,0.442
2788,0.5974
2789,0.656
2790,0.4895
2791,0.5912
2792,0.5159
2793,0.4555
2794,0.4617
2795,0.4808
2796,0.4421
2797,0.5182
2798,0.491
2799,0.4814
2800,0.4906
2801,0.4348
2802,0.4785
2803,0.5417
2804,0.526
2805,0.4619
2806,0.6285
2807,0.5383
2808,0.4873
2809,0.4601
2810,0.4025
2811,0.7206
2812,0.4935
2813,0.4628
2814,0.623
2815,0.4948
2816,0.4838
2817,0.5122
2818,0.4926
2819,0.4265
2820,0.5823
2821,0.4973
2822,0.4002
2823,0.4656
2824,0.5253
2825,0.5402
2826,0.4574
2827,0.4305
2828,0.5206
2829,0.4852
2830,0.537
2831,0.5311
2832,0.4349
2833,0.5005
2834,0.4163
2835,0.5327
2836,0.4299
2837,0.541
2838,0.5652
2839,0.531
2840,0.4596
2841,0.4653
2842,0.6678
2843,0.5347
2844,0.4177
2845,0.6002
2846,0.4895
2847,0.6524
2848,0.7046
2849,0.3702
2850,0.5521
2851,0.4352
2852,0.4535
2853,0.5975
2854,0.6474
2855,0.4689
2856,0.4827
2857,0.4747
2858,0.6206
2859,0.6347
2860,0.4509
2861,0.4508
2862,0.4513
2863,0.5283
2864,0.6246
2865,0.4388
2866,0.888
2867,0.5138
2868,0.5906
2869,0.4761
2870,0.6192
2871,0.4996
2872,0.478
2873,0.5221
2874,0.4671
2875,0.5279
2876,0.5556
2877,0.4573
2878,0.5132
2879,0.4789
2880,0.5794
2881,0.5601
2882,0.5084
2883,0.4292
2884,0.5319
2885,0.6048
2886,0.468
2887,0.5074
2888,0.456
2889,0.5304
2890,0.5138
2891,0.5219
2892,0.4938
2893,0.4645
2894,0.3939
2895,0.5377
2896,0.4024
2897,0.4564
2898,0.4962
2899,0.5062
2900,0.5928
2901,0.5494
2902,0.4809
2903,0.5149
2904,0.5739
2905,0.505
2906,0.4795
2907,0.4926
2908,0.4626
2909,0.5199
2910,0.5178
2911,0.7481
2912,0.5309
2913,0.5111
2914,0.7556
2915,0.4985
2916,0.4734
2917,0.5231
2918,0.6524
2919,0.5491
2920,0.4786
2921,0.442
2922,0.5127
2923,0.4176
2924,0.5708
2925,0.5224
2926,0.5503
2927,0.5355
2928,0.4619
2929,0.5865
2930,0.4693
2931,0.596
2932,0.5331
2933,0.5174
2934,0.5138
2935,0.6109
2936,0.5014
2937,0.465
2938,0.4773
2939,0.4496
2940,0.4797
2941,0.4494
2942,0.4531
2943,0.7205
2944,0.4941
2945,0.9861
2946,0.5239
2947,0.6462
2948,0.4287
2949,0.4972
2950,0.5674
2951,0.4665
2952,0.5832
2953,0.6009
2954,0.599
2955,0.5129
2956,0.4333
2957,0.4736
2958,0.5114
2959,0.5124
2960,0.484
2961,0.5287
2962,0.4759
2963,0.5535
2964,0.4829
2965,0.5262
2966,0.7093
2967,0.6284
2968,0.4827
2969,0.5109
2970,0.6014
2971,0.5912
2972,0.6459
2973,0.9772
2974,0.6153
2975,0.5907
2976,0.4233
2977,0.5377
2978,0.6044
2979,0.4443
2980,0.5342
2981,0.5022
2982,0.6848
2983,0.5097
2984,0.4373
2985,0.5249
2986,0.4973
2987,0.6385
2988,0.5935
2989,0.5716
2990,0.6494
2991,0.4722
2992,0.5467
2993,0.4838
2994,0.6412
2995,0.7041
2996,0.558
2997,0.4712
2998,0.5889
2999,0.6351
3000,0.5232
3001,0.4603
3002,0.5044
3003,0.7211
3004,0.5097
3005,0.5367
3006,0.5442
3007,0.4795
3008,0.6345
3009,0.527
3010,0.6355
3011,0.5086
3012,0.6031
3013,0.4592
3014,0.6012
3015,0.4108
3016,0.5293
3017,0.4646
3018,0.5606
3019,0.4354
3020,0.6365
3021,0.6277
3022,0.6023
3023,0.5068
3024,0.4657
3025,0.5333
3026,0.5204
3027,0.4589
3028,0.6019
3029,0.5961
3030,0.4821
3031,0.5292
3032,0.45
3033,0.7079
3034,0.5302
3035,0.5677
3036,0.4247
3037,0.7379
3038,0.5903
3039,0.7932
3040,0.507
3041,0.7171
3042,0.6316
3043,0.5326
3044,0.5647
3045,0.5505
3046,0.6215
3047,0.4751
3048,0.6123
3049,0.6485
3050,0.4984
3051,0.6137
3052,0.7753
3053,0.5339
3054,0.7658
3055,0.6291
3056,0.6137
3057,0.4708
3058,0.6641
3059,0.4799
3060,0.5129
3061,0.4906
3062,0.4881
3063,0.6324
3064,0.6445
3065,0.501
3066,0.5406
3067,0.6484
3068,0.4815
3069,0.7894
3070,0.5078
3071,0.5774
3072,0.4867
3073,0.4677
3074,0.6298
3075,0.5409
3076,0.4582
3077,0.4838
3078,0.5308
3079,0.7415
3080,0.4195
3081,0.5092
3082,0.4502
3083,0.6166
3084,0.5366
3085,0.4867
3086,0.525
3087,0.4626
3088,0.5374
3089,0.6205
3090,0.5467
3091,0.5179
3092,0.6582
3093,0.5083
3094,0.7021
3095,0.5481
3096,0.5329
3097,0.5579
3098,0.6281
3099,0.51
3100,0.5642
3101,0.6183
3102,0.5228
3103,0.6367
3104,0.6019
3105,0.5895
3106,0.5448
3107,0.5517
3108,0.542
3109,0.4817
3110,0.4596
3111,0.518
3112,0.5413
3113,0.4907
3114,0.4427
3115,0.5518
3116,0.5269
3117,0.5152
3118,0.5813
3119,0.5325
3120,0.6771
3121,0.5411
3122,0.5264
3123,0.6256
3124,0.6771
3125,0.5507
3126,0.6361
3127,0.7231
3128,0.6218
3129,0.68
3130,0.6452
3131,0.5918
3132,0.5865
3133,0.6686
3134,0.4968
3135,0.6168
3136,0.5116
3137,0.6219
3138,0.6425
3139,0.5462
3140,0.8687
3141,0.6913
3142,0.48
3143,0.5791
3144,0.4305
3145,0.6528
3146,0.5707
3147,0.5374
3148,0.5856
3149,0.6143
3150,0.6543
3151,0.742
3152,0.5183
3153,0.5756
3154,0.5087
3155,0.5338
3156,0.4717
3157,0.578
3158,0.5026
3159,0.6735
3160,0.6318
3161,0.5997
3162,0.5036
3163,0.5209
3164,0.5315
3165,0.6046
3166,0.4585
3167,0.6365
3168,0.4389
3169,0.5922
3170,0.836
3171,0.4533
3172,0.5095
3173,0.536
3174,0.624
3175,0.5374
3176,0.5168
3177,0.4768
3178,0.5062
3179,0.6776
3180,0.5989
3181,0.4949
3182,0.7905
3183,0.622
3184,0.6257
3185,0.768
3186,0.6105
3187,0.6536
3188,0.6016
3189,0.5995
3190,0.5429
3191,1.2235
3192,0.6352
3193,0.6007
3194,0.4995
3195,0.6783
3196,0.5099
3197,0.5473
3198,0.6326
3199,0.5967
3200,0.656
3201,0.67
3202,0.6418
3203,0.6028
3204,0.5863
3205,0.6186
3206,0.6963
3207,0.5032
3208,0.7078
3209,0.5156
3210,0.4996
3211,0.663
3212,0.6269
3213,0.6691
3214,0.7216
3215,0.7836
3216,0.5232
3217,0.6624
3218,0.5669
3219,0.4395
3220,0.529
3221,0.6629
3222,0.6514
3223,0.5063
3224,0.721
3225,0.5661
3226,0.6134
3227,0.5014
3228,0.7575
3229,0.6401
3230,0.5459
3231,0.6254
3232,0.5391
3233,0.6692
3234,0.5724
3235,0.6114
3236,0.6909
3237,0.5712
3238,0.6112
3239,0.5311
3240,0.6566
3241,0.6585
3242,0.6124
3243,0.7466
3244,0.4419
3245,0.6512
3246,0.6286
3247,0.5403
3248,0.603
3249,0.583
3250,0.6573
3251,0.5724
3252,0.6428
3253,0.7086
3254,0.6115
3255,0.8208
3256,0.6736
3257,0.5816
3258,0.8573
3259,0.6429
3260,0.7196
3261,0.7616
3262,0.5619
3263,0.4613
3264,0.8352
3265,0.6063
3266,0.521
3267,0.6539
3268,0.6624
3269,0.6123
3270,0.7093
3271,0.6275
3272,0.6361
3273,0.5317
3274,0.4942
3275,0.6988
3276,0.6608
3277,0.5278
3278,0.6257
3279,0.5636
3280,0.5357
3281,0.5317
3282,0.5828
3283,0.6922
3284,0.512
3285,0.6259
3286,0.5645
3287,0.47
3288,0.5509
3289,0.7333
3290,0.5348
3291,0.6409
3292,0.7214
3293,0.6552
3294,0.6512
3295,0.7613
3296,0.8278
3297,0.6333
3298,0.7062
3299,0.5423
3300,0.5508
3301,0.633
3302,0.5104
3303,0.769
3304,0.5945
3305,0.575
3306,0.6006
3307,0.6229
3308,0.7054
3309,0.7274
3310,0.5522
3311,0.6773
3312,0.5341
3313,0.5655
3314,0.6261
3315,0.511
3316,0.7137
3317,0.6394
3318,0.6225
3319,0.5882
3320,0.7499
3321,0.6562
3322,0.7251
3323,0.7538
3324,0.4639
3325,0.5902
3326,0.6839
3327,0.5132
3328,0.879
3329,0.674
3330,0.6402
3331,0.6165
3332,0.8329
3333,0.6602
3334,0.6849
3335,0.5819
3336,0.5328
3337,0.7231
3338,0.7432
3339,0.624
3340,0.6694
3341,0.6845
3342,0.4849
3343,0.5104
3344,0.4909
3345,0.7585
3346,0.6737
3347,0.7345
3348,0.5065
3349,0.6554
3350,0.6051
3351,0.6046
3352,0.5794
3353,0.4902
3354,0.6958
3355,0.6541
3356,0.6059
3357,0.6402
3358,0.5118
3359,0.7602
3360,0.5994
3361,0.6155
3362,0.6226
3363,0.6818
3364,0.5064
3365,0.784
3366,0.7207
3367,0.6396
3368,0.6441
3369,0.5418
3370,0.7289
3371,0.5751
3372,0.6611
3373,0.6718
3374,0.6991
3375,0.5428
3376,0.5478
3377,0.5303
3378,0.5389
3379,0.7268
3380,0.6019
3381,0.7538
3382,0.7958
3383,0.671
3384,0.6336
3385,0.546
3386,0.6568
3387,0.8357
3388,0.7632
3389,0.9726
3390,0.611
3391,0.7606
3392,0.6897
3393,1.2465
3394,0.6148
3395,0.6199
3396,0.894
3397,0.7986
3398,0.7041
3399,0.6718
3400,0.6824
3401,0.6112
3402,0.9076
3403,0.6379
3404,0.4895
3405,0.6456
3406,0.644
3407,0.6504
3408,0.8105
3409,0.6262
3410,0.806
3411,0.6141
3412,0.6293
3413,0.6335
3414,0.6502
3415,0.7363
3416,0.5226
3417,0.6299
3418,0.5267
3419,0.6591
3420,0.6841
3421,0.5525
3422,0.5268
3423,0.6267
3424,0.6514
3425,0.7141
3426,0.6871
3427,0.6733
3428,0.7178
3429,0.5679
3430,0.8468
3431,0.6613
3432,0.5871
3433,0.7616
3434,0.5154
3435,0.5509
3436,0.6879
3437,0.6585
3438,0.6338
3439,0.7753
3440,0.6416
3441,0.6549
3442,0.8974
3443,0.6031
3444,0.5293
3445,0.6272
3446,0.73
3447,0.6312
3448,0.6293
3449,0.681
3450,0.6136
3451,0.6134
3452,0.8336
3453,0.6327
3454,0.7065
3455,0.6182
3456,0.6824
3457,0.6423
3458,0.6096
3459,1.2981
3460,0.6071
3461,0.474
3462,0.7215
3463,0.6644
3464,0.6358
3465,0.5693
3466,0.649
3467,0.8129
3468,0.5838
3469,0.6375
3470,0.7181
3471,0.6138
3472,0.6489
3473,0.7096
3474,0.6888
3475,0.6958
3476,0.6742
3477,1.079
3478,0.6462
3479,0.5704
3480,0.5821
3481,0.6655
3482,0.736
3483,0.6757
3484,0.6355
3485,0.5974
3486,0.7582
3487,0.5414
3488,0.8022
3489,0.6016
3490,0.653
3491,0.718
3492,0.712
3493,0.5912
3494,0.6636
3495,0.665
3496,0.6333
3497,0.8845
3498,0.6715
3499,0.7617
3500,0.6131
3501,0.702
3502,0.6777
3503,0.8568
3504,0.6239
3505,0.6792
3506,0.6765
3507,0.6082
3508,0.6599
3509,0.5381
3510,0.6944
3511,1.2985
3512,0.6303
3513,0.5353
3514,0.7543
3515,0.6063
3516,0.6996
3517,0.7815
3518,0.7085
3519,0.6241
3520,0.6882
3521,0.62
3522,0.7375
3523,0.7215
3524,0.7879
3525,0.6695
3526,0.656
3527,0.5165
3528,0.6763
3529,0.6075
3530,0.6978
3531,0.5739
3532,0.5981
3533,0.7401
3534,0.76
3535,0.7125
3536,0.6488
3537,0.6409
3538,0.6426
3539,0.5105
3540,0.6107
3541,0.6083
3542,0.5521
3543,0.8369
3544,0.6319
3545,0.7309
3546,0.8151
3547,0.6486
3548,0.7172
3549,0.7294
3550,0.7374
3551,0.6863
3552,0.6968
3553,0.6864
3554,0.6765
3555,0.6597
3556,0.7382
3557,0.7751
3558,0.6935
3559,0.8011
3560,0.6542
3561,0.6811
3562,0.7596
3563,0.6301
3564,0.7405
3565,0.6382
3566,0.7169
3567,0.8544
3568,0.5779
3569,0.6683
3570,0.6438
3571,0.6491
3572,0.6813
3573,0.668
3574,0.6812
3575,0.7154
3576,0.5962
3577,0.7853
3578,0.6452
3579,0.7735
3580,0.7285
3581,0.6502
3582,0.6338
3583,0.6104
3584,0.6061
3585,0.6404
3586,0.7245
3587,0.7438
3588,0.7418
3589,0.6767
3590,0.69
3591,0.636
3592,1.2337
3593,0.6783
3594,0.7366
3595,0.9194
3596,0.9627
3597,0.688
3598,0.7377
3599,0.6574
3600,0.6544
3601,0.6641
3602,0.6935
3603,0.6876
3604,0.6279
3605,0.797
3606,0.7102
3607,0.8382
3608,0.6342
3609,0.8783
3610,0.7977
3611,0.6704
3612,0.681
3613,2.8444
3614,0.7317
3615,0.615
3616,0.6103
3617,0.8332
3618,0.6954
3619,0.5897
3620,0.5457
3621,0.8464
3622,0.9429
3623,0.6531
3624,0.9138
3625,0.8388
3626,0.6977
3627,0.6449
3628,0.772
3629,0.7138
3630,0.6355
3631,0.5293
3632,1.3573
3633,1.2718
3634,0.7829
3635,0.5414
3636,0.637
3637,0.6419
3638,0.6741
3639,0.7243
3640,0.6248
3641,0.7595
3642,0.6648
3643,0.7692
3644,0.7228
3645,0.6834
3646,0.7819
3647,0.7012
3648,0.6508
3649,0.5458
3650,0.7019
3651,0.6403
3652,0.7115
3653,0.6194
3654,0.7201
3655,1.2087
3656,0.7198
3657,0.6436
3658,0.7454
3659,0.6446
3660,0.9185
3661,0.7683
3662,0.6063
3663,0.7811
3664,0.6789
3665,0.5929
3666,1.1777
3667,0.7372
3668,0.6983
3669,0.9736
3670,0.668
3671,0.8199
3672,0.7272
3673,0.665
3674,0.8242
3675,0.715
3676,0.6699
3677,0.7787
3678,0.6952
3679,0.7325
3680,0.7056
3681,0.7535
3682,0.8249
3683,0.8009
3684,0.7456
3685,0.5969
3686,0.6261
3687,0.7377
3688,0.6777
3689,0.5516
3690,0.7044
3691,0.6981
3692,0.8228
3693,0.7003
3694,0.7259
3695,0.6813
3696,0.6849
3697,0.7333
3698,0.7124
3699,0.8335
3700,0.708
3701,0.6947
3702,0.7048
3703,0.7438
3704,0.676
3705,0.7276
3706,0.6734
3707,0.651
3708,0.8077
3709,0.7048
3710,0.6776
3711,0.6904
3712,0.6376
3713,0.7068
3714,0.9537
3715,0.8399
3716,0.9623
3717,0.8723
3718,0.7192
3719,0.7122
3720,0.8722
3721,0.5997
3722,0.7128
3723,0.8652
3724,0.68
3725,0.6339
3726,0.8729
3727,0.6524
3728,0.7816
3729,0.7051
3730,0.6688
3731,0.8279
3732,0.7411
3733,0.9322
3734,0.7129
3735,0.7438
3736,0.7454
3737,0.6862
3738,0.7401
3739,0.8614
3740,0.8542
3741,0.7484
3742,0.7181
3743,0.7484
3744,0.7353
3745,0.6813
3746,0.7411
3747,0.7126
3748,0.777
3749,0.9194
3750,0.7459
3751,0.7269
3752,0.6148
3753,0.6343
3754,0.7266
3755,0.7511
3756,0.7255
3757,0.7346
3758,0.712
3759,0.6912
3760,0.7303
3761,0.7266
3762,0.617
3763,0.6741
3764,0.71
3765,0.709
3766,0.7923
3767,0.7161
3768,0.894
3769,0.6817
3770,0.9345
3771,0.7738
3772,0.8074
3773,0.8296
3774,0.7265
3775,0.714
3776,0.7326
3777,0.9252
3778,0.7022
3779,0.7742
3780,0.6634
3781,1.3654
3782,0.747
3783,0.8204
3784,1.0574
3785,0.5813
3786,0.7093
3787,0.5993
3788,0.6527
3789,0.7939
3790,0.6578
3791,0.7413
3792,0.6574
3793,0.7898
3794,0.7024
3795,0.686
3796,0.7497
3797,0.6952
3798,0.6634
3799,0.7974
3800,0.6956
3801,0.7085
3802,0.5342
3803,0.7375
3804,0.9035
3805,0.6994
3806,0.734
3807,0.7646
3808,0.6976
3809,0.6319
3810,0.6273
3811,0.7669
3812,0.6799
3813,0.6764
3814,0.7081
3815,0.8529
3816,0.714
3817,0.6484
3818,1.6211
3819,0.7943
3820,0.83
3821,0.7401
3822,0.8114
3823,0.749
3824,0.706
3825,0.8085
3826,0.6537
3827,0.7149
3828,0.6004
3829,0.7467
3830,0.6749
3831,0.768
3832,0.7193
3833,0.8001
3834,0.6614
3835,0.8041
3836,0.7451
3837,0.9141
3838,0.6713
3839,0.7759
3840,0.6984
3841,0.6682
3842,0.7344
3843,0.6937
3844,0.7558
3845,0.7579
3846,0.7792
3847,0.7358
3848,0.6897
3849,0.6809
3850,0.6825
3851,0.7157
3852,0.7013
3853,0.7027
3854,0.7878
3855,0.6762
3856,0.7317
3857,1.0192
3858,1.3081
3859,0.8229
3860,0.8308
3861,0.8175
3862,0.7903
3863,0.6785
3864,0.8002
3865,0.659
3866,0.842
3867,0.6616
3868,0.6653
3869,0.7571
3870,0.7212
3871,0.6211
3872,0.8186
3873,0.7372
3874,0.6863
3875,0.8088
3876,0.6659
3877,0.6135
3878,0.7505
3879,0.6975
3880,0.7321
3881,0.673
3882,0.776
3883,0.9168
3884,0.7444
3885,0.6876
3886,0.7351
3887,0.7997
3888,0.9147
3889,0.8999
3890,0.7934
3891,0.8382
3892,0.6859
3893,0.7726
3894,0.6943
3895,0.8147
3896,0.7303
3897,0.8114
3898,1.7484
3899,0.6997
3900,0.6633
3901,0.7177
3902,0.7256
3903,0.8941
3904,0.7245
3905,0.7723
3906,0.9528
3907,0.8471
3908,0.738
3909,0.8594
3910,0.7706
3911,1.0187
3912,0.6944
3913,0.6361
3914,0.6887
3915,0.7198
3916,0.8111
3917,0.7837
3918,0.7741
3919,0.7682
3920,0.7461
3921,0.8083
3922,0.6904
3923,0.7416
3924,0.7091
3925,0.7154
3926,0.8152
3927,0.7077
3928,0.7397
3929,0.8877
3930,0.8165
3931,0.8419
3932,0.7885
3933,0.7476
3934,0.7599
3935,0.7413
3936,0.7528
3937,0.6821
3938,0.7686
3939,0.8992
3940,0.7285
3941,0.6557
3942,0.7928
3943,0.8078
3944,0.8793
3945,0.646
3946,0.84
3947,0.828
3948,0.7998
3949,0.8609
3950,0.7219
3951,0.778
3952,0.8228
3953,0.6602
3954,0.7908
3955,0.7708
3956,0.8143
3957,0.8325
3958,0.643
3959,0.7436
3960,0.7884
3961,0.7644
3962,0.7179
3963,0.7309
3964,0.7061
3965,0.7619
3966,0.7664
3967,1.967
3968,0.6923
3969,0.6746
3970,0.8059
3971,0.7236
3972,0.9063
3973,0.7611
3974,0.6727
3975,0.7449
3976,0.7051
3977,0.9456
3978,0.7513
3979,0.7367
3980,0.7805
3981,0.6583
3982,0.726
3983,0.8754
3984,0.5858
3985,0.6886
3986,0.7444
3987,0.6467
3988,0.7203
3989,0.8328
3990,0.6662
3991,0.7417
3992,0.8172
3993,0.7393
3994,0.6629
3995,0.6973
3996,0.7169
3997,0.9543
3998,0.7073
3999,0.8076
4000,0.7637
4001,0.7473
4002,0.8712
4003,0.7635
4004,0.8591
4005,0.8412
4006,0.7366
4007,0.6313
4008,0.6597
4009,0.831
4010,0.7896
4011,0.8267
4012,0.9442
4013,0.6204
4014,0.8553
4015,1.5405
4016,0.8363
4017,0.9175
4018,0.7523
4019,0.9575
4020,0.9238
4021,0.7799
4022,0.9007
4023,0.9423
4024,0.7681
4025,0.7211
4026,0.7096
4027,0.6998
4028,0.9098
4029,0.6594
4030,0.8351
4031,1.4896
4032,0.8188
4033,0.7765
4034,0.8206
4035,0.9103
4036,0.7572
4037,0.8993
4038,0.7694
4039,0.7558
4040,0.6987
4041,0.7391
4042,0.63
4043,0.786
4044,0.6925
4045,0.7545
4046,0.9206
4047,0.7008
4048,0.7556
4049,0.7714
4050,0.708
4051,0.9463
4052,0.813
4053,0.8948
4054,0.7566
4055,0.6933
4056,0.7564
4057,0.6999
4058,0.7896
4059,0.9716
4060,0.7662
4061,0.7451
4062,0.7424
4063,0.6748
4064,0.678
4065,0.7678
4066,0.6769
4067,0.7371
4068,0.7772
4069,0.7392
4070,0.7924
4071,0.7313
4072,0.7495
4073,0.7349
4074,0.7508
4075,0.6068
4076,0.671
4077,0.7245
4078,0.6932
4079,0.7473
4080,0.7907
4081,0.8295
4082,0.7288
4083,0.7832
4084,0.8713
4085,0.8122
4086,0.7439
4087,0.9325
4088,0.9538
4089,0.7752
4090,0.8877
4091,0.7103
4092,0.7512
4093,0.7689
4094,0.7208
4095,0.6377
4096,0.7774
4097,0.7373
4098,1.0153
4099,0.9253
4100,0.779
4101,0.7519
4102,0.6647
4103,0.8413
4104,0.8501
4105,0.7454
4106,0.8576
4107,0.7426
4108,0.969
4109,0.7051
4110,1.0201
4111,1.0551
4112,0.9158
4113,0.7791
4114,0.7739
4115,0.7512
4116,0.9868
4117,0.7481
4118,0.7006
4119,0.8669
4120,0.7318
4121,0.8956
4122,1.2098
4123,0.8775
4124,0.6625
4125,0.7373
4126,0.7607
4127,0.7287
4128,0.7517
4129,0.6834
4130,0.8334
4131,0.7083
4132,0.8358
4133,0.7202
4134,0.6511
4135,0.8702
4136,0.7516
4137,1.014
4138,0.7886
4139,1.1299
4140,0.7564
4141,0.9492
4142,0.7536
4143,0.8311
4144,0.7976
4145,0.7866
4146,0.9632
4147,1.1057
4148,0.7411
4149,0.7434
4150,0.778
4151,0.7198
4152,0.8762
4153,0.7356
4154,0.7219
4155,0.8476
4156,0.92
4157,0.7776
4158,1.1954
4159,0.7713
4160,0.9524
4161,0.8037
4162,0.6911
4163,0.8209
4164,0.7501
4165,0.7719
4166,0.8466
4167,0.9112
4168,0.7091
4169,0.6915
4170,0.8811
4171,0.8479
4172,0.6967
4173,0.9213
4174,0.6824
4175,0.7539
4176,0.6633
4177,0.8568
4178,0.772
4179,0.8085
4180,0.9071
4181,0.8742
4182,0.9137
4183,0.7169
4184,0.7369
4185,0.778
4186,0.8288
4187,0.7692
4188,0.7172
4189,0.7288
4190,0.8036
4191,0.8364
4192,0.8259
4193,0.9174
4194,0.6556
4195,0.7949
4196,0.7441
4197,0.7802
4198,0.82
4199,0.8257
4200,0.764
4201,0.9467
4202,0.7911
4203,0.9672
4204,0.7185
4205,0.8365
4206,0.7297
4207,0.7474
4208,0.7446
4209,0.754
4210,0.9078
4211,0.8033
4212,0.797
4213,0.8282
4214,0.8703
4215,0.8534
4216,0.7304
4217,1.8977
4218,0.6685
4219,0.8626
4220,0.7137
4221,0.8478
4222,0.9523
4223,0.7496
4224,0.8375
4225,0.9369
4226,0.8504
4227,0.7957
4228,0.7461
4229,0.722
4230,0.8001
4231,0.9518
4232,0.766
4233,0.8433
4234,0.8034
4235,0.9685
4236,1.4079
4237,0.8248
4238,0.7839
4239,0.7518
4240,1.8643
4241,0.8199
4242,0.7432
4243,0.8152
4244,0.8627
4245,0.8846
4246,0.9112
4247,0.688
4248,0.7018
4249,0.7167
4250,0.762
4251,0.911
4252,1.021
4253,0.7614
4254,0.7999
4255,0.8279
4256,0.8732
4257,0.6637
4258,0.7054
4259,0.7524
4260,0.6802
4261,0.7699
4262,0.7099
4263,0.9451
4264,0.7448
4265,0.7595
4266,0.8534
4267,0.7626
4268,0.8423
4269,0.8189
4270,0.845
4271,0.7642
4272,0.9402
4273,0.7275
4274,0.838
4275,0.8067
4276,0.817
4277,0.8131
4278,0.6968
4279,0.8187
4280,0.9038
4281,0.8493
4282,1.166
4283,0.7361
4284,1.0959
4285,0.9682
4286,0.8276
4287,0.7865
4288,0.9114
4289,0.8818
4290,0.7019
4291,0.8153
4292,0.7541
4293,1.044
4294,0.884
4295,0.7926
4296,0.8656
4297,0.8112
4298,1.0797
4299,0.8161
4300,0.9161
4301,0.7911
4302,0.777
4303,0.7875
4304,0.8171
4305,0.9763
4306,0.8418
4307,0.9904
4308,0.8265
4309,0.8881
4310,0.7119
4311,0.8255
4312,0.9739
4313,0.9644
4314,0.866
4315,0.7869
4316,0.9265
4317,0.6724
4318,0.7682
4319,0.8271
4320,0.7402
4321,0.8584
4322,0.8972
4323,0.8213
4324,0.8436
4325,0.8698
4326,0.9393
4327,0.8575
4328,0.7716
4329,0.7842
4330,0.7977
4331,0.748
4332,0.7927
4333,0.7864
4334,0.9154
4335,0.8833
4336,0.8482
4337,0.8278
4338,0.7262
4339,0.8341
4340,0.9716
4341,1.0788
4342,1.1041
4343,0.7028
4344,0.8444
4345,0.8703
4346,0.7542
4347,0.8322
4348,0.8286
4349,0.9107
4350,0.7749
4351,0.9906
4352,0.8411
4353,0.7908
4354,0.7192
4355,0.7676
4356,0.8218
4357,0.7007
4358,0.7775
4359,0.9126
4360,0.7515
4361,0.8767
4362,0.7947
4363,0.783
4364,0.7231
4365,0.8693
4366,0.9219
4367,0.7954
4368,0.8555
4369,0.9811
4370,0.7993
4371,0.8192
4372,0.926
4373,0.7348
4374,0.8778
4375,0.8301
4376,0.8405
4377,0.7322
4378,0.8494
4379,0.8454
4380,0.8415
4381,0.9078
4382,1.0512
4383,0.7613
4384,0.8376
4385,0.8661
4386,0.7632
4387,0.8772
4388,0.8608
4389,0.8282
4390,1.4855
4391,0.8
4392,0.8153
4393,0.8163
4394,0.9658
4395,0.9556
4396,0.7985
4397,0.7641
4398,0.7964
4399,0.9154
4400,0.8321
4401,0.7491
4402,0.9571
4403,1.1492
4404,0.8622
4405,0.7972
4406,0.9258
4407,0.8496
4408,0.9052
4409,0.9079
4410,0.9599
4411,0.9622
4412,0.824
4413,0.9015
4414,0.8518
4415,0.8275
4416,1.0458
4417,0.719
4418,1.323
4419,1.0973
4420,1.107
4421,1.0395
4422,0.8325
4423,0.8812
4424,0.8823
4425,0.7717
4426,0.9151
4427,0.8805
4428,0.7989
4429,0.8944
4430,0.729
4431,1.4746
4432,0.9405
4433,0.8041
4434,1.0083
4435,1.0314
4436,0.8841
4437,0.8858
4438,0.8868
4439,0.7107
4440,0.7413
4441,0.8257
4442,0.9482
4443,0.8096
4444,1.6211
4445,0.7842
4446,0.69
4447,0.9881
4448,0.9164
4449,0.7976
4450,0.8844
4451,0.8908
4452,0.7664
4453,0.9771
4454,0.7762
4455,0.8496
4456,0.9143
4457,0.7689
4458,0.7886
4459,0.8685
4460,0.8865
4461,0.8574
4462,0.9003
4463,1.1023
4464,0.7634
4465,0.828
4466,0.7657
4467,0.8136
4468,0.8581
4469,1.599
4470,1.0226
4471,0.7958
4472,0.827
4473,0.9091
4474,0.8961
4475,0.9788
4476,0.823
4477,0.8656
4478,0.7531
4479,0.8904
4480,0.7274
4481,0.6901
4482,0.842
4483,0.8615
4484,0.8236
4485,0.9108
4486,0.8668
4487,0.8466
4488,0.852
4489,0.8692
4490,0.8489
4491,0.8692
4492,0.7627
4493,0.8154
4494,0.9042
4495,0.7746
4496,0.9502
4497,0.8103
4498,1.4376
4499,0.8723
4500,0.8821
4501,0.8111
4502,0.8706
4503,0.8101
4504,0.8888
4505,0.7875
4506,0.967
4507,0.8367
4508,1.0229
4509,1.0608
4510,0.8945
4511,0.8982
4512,0.9159
4513,0.8855
4514,0.8049
4515,0.7772
4516,0.851
4517,0.8641
4518,0.8476
4519,0.7571
4520,0.8935
4521,0.8672
4522,0.747
4523,1.0045
4524,1.0523
4525,0.8237
4526,0.8872
4527,0.9012
4528,0.7673
4529,1.0929
4530,0.7872
4531,0.8438
4532,0.9558
4533,0.8451
4534,0.8901
4535,0.9585
4536,1.0888
4537,0.7866
4538,0.9296
4539,0.9277
4540,0.8266
4541,0.8983
4542,0.811
4543,0.8139
4544,1.0635
4545,0.7341
4546,0.942
4547,0.8821
4548,0.8695
4549,0.8217
4550,0.8106
4551,0.8196
4552,0.7287
4553,0.9561
4554,0.8301
4555,0.8433
4556,0.8737
4557,0.9025
4558,0.8197
4559,0.7619
4560,0.9142
4561,0.8849
4562,1.1713
4563,0.8212
4564,0.8796
4565,0.7963
4566,1.0325
4567,0.9034
4568,0.8804
4569,1.0449
4570,1.0024
4571,0.8802
4572,1.3593
4573,0.8122
4574,0.9826
4575,0.7823
4576,0.8121
4577,0.9793
4578,0.8722
4579,0.9079
4580,0.9098
4581,1.0071
4582,0.8343
4583,0.821
4584,1.0068
4585,1.1001
4586,0.772
4587,0.8822
4588,0.7077
4589,0.8536
4590,0.8274
4591,0.7964
4592,0.9621
4593,0.857
4594,0.8755
4595,0.7702
4596,0.8433
4597,0.7373
4598,0.7927
4599,0.8548
4600,0.9046
4601,0.7875
4602,0.8888
4603,0.904
4604,0.8481
4605,1.0276
4606,0.7055
4607,0.7952
4608,0.9638
4609,0.838
4610,0.8358
4611,0.8391
4612,0.8784
4613,0.8677
4614,0.8914
4615,0.8024
4616,0.8657
4617,0.8905
4618,0.8108
4619,0.9318
4620,0.7868
4621,1.0519
4622,0.8755
4623,0.8896
4624,0.8504
4625,0.7834
4626,0.8061
4627,1.1361
4628,0.9038
4629,0.9567
4630,0.9095
4631,0.9009
4632,0.8328
4633,1.2601
4634,0.8673
4635,0.9449
4636,0.7915
4637,0.8792
4638,0.9093
4639,0.8452
4640,0.8617
4641,0.8492
4642,0.7976
4643,0.8651
4644,0.8115
4645,0.8471
4646,0.9038
4647,0.9516
4648,0.8112
4649,0.8008
4650,0.9419
4651,1.0473
4652,0.842
4653,0.8367
4654,0.9403
4655,0.8445
4656,0.8259
4657,0.8667
4658,0.9182
4659,0.9467
4660,0.9402
4661,0.8603
4662,1.0164
4663,0.894
4664,0.7679
4665,0.8279
4666,0.7784
4667,0.8907
4668,1.0689
4669,1.0259
4670,0.8518
4671,0.8809
4672,0.8495
4673,0.9895
4674,0.7464
4675,0.8562
4676,0.9645
4677,0.9314
4678,0.8574
4679,0.8723
4680,1.0159
4681,0.8619
4682,0.9506
4683,0.8504
4684,0.8723
4685,0.8368
4686,1.0566
4687,0.8968
4688,0.8366
4689,0.9437
4690,1.0769
4691,0.9952
4692,0.9172
4693,1.098
4694,2.0793
4695,0.8613
4696,0.828
4697,0.9972
4698,0.8408
4699,0.9211
4700,0.8874
4701,0.8988
4702,0.8657
4703,0.8379
4704,0.8292
4705,0.909
4706,0.9456
4707,0.935
4708,0.8158
4709,0.8607
4710,0.894
4711,0.8961
4712,0.9202
4713,1.1053
4714,0.8683
4715,1.2271
4716,1.0204
4717,0.9009
4718,0.9965
4719,0.7689
4720,0.9221
4721,0.9366
4722,0.8512
4723,1.0117
4724,0.9438
4725,0.9106
4726,0.9495
4727,0.8619
4728,0.8617
4729,0.8473
4730,0.7897
4731,0.9431
4732,0.8961
4733,0.7155
4734,0.9286
4735,0.9385
4736,0.8763
4737,0.9225
4738,1.0324
4739,0.915
4740,0.9482
4741,0.9362
4742,0.9188
4743,0.9968
4744,0.9006
4745,1.0929
4746,0.8957
4747,0.9224
4748,0.8275
4749,1.0125
4750,0.9524
4751,2.0953
4752,0.8406
4753,1.1071
4754,1.1143
4755,1.0237
4756,0.8533
4757,0.8062
4758,0.7386
4759,0.917
4760,0.8352
4761,0.7884
4762,1.1764
4763,1.0599
4764,0.8021
4765,0.9501
4766,0.8423
4767,0.9428
4768,0.8893
4769,0.8555
4770,0.831
4771,0.8459
4772,1.0045
4773,0.9404
4774,0.8981
4775,0.8603
4776,0.9596
4777,0.9025
4778,0.9042
4779,0.9282
4780,0.9358
4781,0.7998
4782,0.8175
4783,1.1064
4784,0.8338
4785,0.9098
4786,1.0053
4787,0.8033
4788,0.8627
4789,0.7835
4790,0.8171
4791,0.8502
4792,0.943
4793,0.852
4794,0.8699
4795,0.9344
4796,0.9285
4797,0.9746
4798,0.9245
4799,0.8152
4800,0.839
4801,0.9189
4802,0.8798
4803,0.8498
4804,0.9055
4805,0.9369
4806,0.8961
4807,0.9725
4808,0.8986
4809,0.8519
4810,0.9051
4811,1.0901
4812,0.8305
4813,0.9044
4814,0.9671
4815,1.0907
4816,0.9528
4817,0.8227
4818,0.8626
4819,0.8458
4820,0.8349
4821,0.9706
4822,0.7795
4823,0.9861
4824,0.9078
4825,0.9033
4826,0.693
4827,0.9234
4828,1.0127
4829,0.8947
4830,0.8941
4831,0.8521
4832,1.0478
4833,1.1571
4834,0.8866
4835,1.0228
4836,0.7995
4837,1.0249
4838,0.8732
4839,1.0129
4840,0.7645
4841,0.8987
4842,0.9042
4843,0.8526
4844,0.8349
4845,0.9753
4846,0.9199
4847,0.9
4848,0.9556
4849,0.9666
4850,0.845
4851,0.7425
4852,0.972
4853,0.8454
4854,1.0411
4855,0.803
4856,0.9121
4857,0.9076
4858,0.9674
4859,0.8766
4860,0.9137
4861,1.0375
4862,0.9313
4863,0.8526
4864,0.8978
4865,0.8952
4866,1.0319
4867,0.984
4868,0.981
4869,0.9537
4870,1.1205
4871,0.9155
4872,0.9511
4873,0.8171
4874,0.9118
4875,0.9412
4876,0.8559
4877,0.8193
4878,0.9699
4879,0.9335
4880,0.9671
4881,0.8073
4882,0.8616
4883,0.8844
4884,0.9155
4885,0.8576
4886,0.9316
4887,0.9092
4888,0.8604
4889,0.8936
4890,0.873
4891,0.9023
4892,0.936
4893,0.9434
4894,0.8548
4895,1.0506
4896,0.9824
4897,0.9454
4898,0.916
4899,1.0825
4900,0.905
4901,0.9712
4902,0.8722
4903,0.9678
4904,2.1597
4905,0.986
4906,0.9174
4907,1.0365
4908,0.8872
4909,0.9299
4910,0.982
4911,0.9074
4912,0.9274
4913,1.2059
4914,1.2601
4915,1.1117
4916,0.9512
4917,0.9626
4918,0.9102
4919,0.9648
4920,0.917
4921,1.0052
4922,0.9659
4923,0.9349
4924,1.1021
4925,0.9325
4926,0.9343
4927,0.9013
4928,0.8285
4929,0.9197
4930,0.9032
4931,0.9301
4932,0.8863
4933,0.8662
4934,0.8999
4935,0.8558
4936,0.9338
4937,0.9217
4938,0.82
4939,0.9211
4940,1.1108
4941,1.8188
4942,0.8901
4943,1.1838
4944,0.8332
4945,0.824
4946,0.9794
4947,1.1557
4948,0.9647
4949,1.0967
4950,0.8939
4951,0.9241
4952,0.92
4953,0.9625
4954,0.8765
4955,0.8898
4956,1.4593
4957,1.0032
4958,0.9806
4959,1.3652
4960,0.8584
4961,1.0391
4962,0.9239
4963,1.169
4964,0.9832
4965,1.0209
4966,1.1053
4967,1.1329
4968,0.9738
4969,0.9674
4970,0.9985
4971,0.9972
4972,0.9422
4973,0.8972
4974,0.9168
4975,0.926
4976,1.0831
4977,0.9978
4978,0.9588
4979,0.9667
4980,0.9719
4981,0.8109
4982,0.9601
4983,0.8635
4984,1.0434
4985,0.875
4986,0.9266
4987,1.0803
4988,0.9333
4989,0.9255
4990,0.9756
4991,0.8907
4992,0.8788
4993,0.9761
4994,0.8236
4995,0.9632
4996,0.8686
4997,0.9768
4998,1.0774
4999,0.8443
5000,1.0168
5001,0.9116
5002,0.9831
5003,0.8946
5004,0.9795
5005,0.9664
5006,0.9558
5007,1.0149
5008,1.2142
5009,0.9316
5010,0.9418
5011,0.8678
5012,1.2543
5013,1.1917
5014,0.9366
5015,1.12
5016,0.7994
5017,0.9717
5018,0.855
5019,1.7807
5020,0.9224
5021,0.8623
5022,0.9987
5023,0.9623
5024,1.1647
5025,0.9156
5026,1.1538
5027,1.0233
5028,1.0334
5029,0.9481
5030,0.9573
5031,1.1903
5032,0.993
5033,0.9756
5034,0.9758
5035,0.9606
5036,0.9597
5037,1.0199
5038,0.848
5039,1.0273
5040,0.919
5041,1.448
5042,1.1413
5043,0.9893
5044,0.802
5045,0.8923
5046,0.9227
5047,0.8973
5048,0.9155
5049,0.9819
5050,0.8478
5051,1.0252
5052,0.9956
5053,0.8874
5054,0.9452
5055,1.7146
5056,0.9866
5057,0.9501
5058,0.9447
5059,0.9382
5060,1.1102
5061,1.1922
5062,0.9349
5063,0.907
5064,1.18
5065,0.9052
5066,1.074
5067,1.0533
5068,0.8054
5069,1.0377
5070,0.9304
5071,1.4252
5072,1.0031
5073,0.9242
5074,0.8605
5075,0.9584
5076,0.9663
5077,0.9019
5078,0.9251
5079,1.0728
5080,0.9616
5081,0.8164
5082,0.914
5083,0.9008
5084,0.914
5085,0.9877
5086,0.9111
5087,0.9544
5088,0.9389
5089,1.0491
5090,0.8244
5091,1.2407
5092,0.8493
5093,0.8487
5094,0.9578
5095,0.9829
5096,0.9357
5097,0.8661
5098,0.9586
5099,1.0711
5100,1.0138
5101,0.9198
5102,0.8479
5103,0.9847
5104,0.9513
5105,0.9761
5106,0.8791
5107,0.9745
5108,1.0119
5109,1.014
5110,0.8976
5111,0.8799
5112,1.0354
5113,0.9437
5114,0.9639
5115,1.0798
5116,1.1511
5117,0.8699
5118,1.0975
5119,1.0966
5120,1.0722
5121,1.1373
5122,0.8888
5123,0.8978
5124,1.3073
5125,0.9916
5126,0.9089
5127,0.9624
5128,0.8424
5129,0.8825
5130,0.9433
5131,1.0892
5132,0.8745
5133,1.1931
5134,0.9435
5135,1.0158
5136,1.0541
5137,0.9227
5138,1.1441
5139,1.0532
5140,0.8926
5141,0.9744
5142,1.0311
5143,1.1233
5144,1.2489
5145,0.9947
5146,0.8441
5147,0.8981
5148,1.0464
5149,1.1062
5150,0.9832
5151,0.9621
5152,1.058
5153,1.0042
5154,1.1049
5155,0.9436
5156,0.9005
5157,1.0035
5158,0.9695
5159,0.9409
5160,0.945
5161,1.2043
5162,0.9198
5163,0.8366
5164,1.1732
5165,0.9072
5166,1.0412
5167,1.0409
5168,1.0483
5169,0.9651
5170,1.0521
5171,0.9741
5172,0.9992
5173,0.9732
5174,1.1994
5175,1.0656
5176,0.9108
5177,1.1422
5178,0.882
5179,0.7521
5180,0.9448
5181,0.9292
5182,0.8931
5183,1.0396
5184,0.7957
5185,0.9394
5186,0.9503
5187,0.989
5188,1.2274
5189,1.1705
5190,0.8697
5191,0.9345
5192,0.9001
5193,1.0673
5194,0.8323
5195,0.9899
5196,1.0831
5197,1.0318
5198,1.2752
5199,0.9056
5200,0.8781
5201,0.8511
5202,1.0404
5203,1.0565
5204,0.9948
5205,0.949
5206,0.9375
5207,0.8552
5208,1.0885
5209,0.9742
5210,0.9689
5211,0.8702
5212,1.0446
5213,1.0797
5214,0.9026
5215,0.9819
5216,0.9697
5217,1.283
5218,1.0762
5219,1.2213
5220,0.9758
5221,0.9569
5222,1.0177
5223,1.0698
5224,0.9775
5225,0.842
5226,1.0215
5227,1.0086
5228,1.0018
5229,0.9497
5230,0.8716
5231,0.9866
5232,0.9604
5233,0.9562
5234,0.9276
5235,1.5375
5236,0.9156
5237,1.1946
5238,0.9406
5239,0.8125
5240,1.1226
5241,0.9794
5242,0.9698
5243,0.9238
5244,1.0061
5245,0.9302
5246,0.9674
5247,0.9616
5248,1.2451
5249,1.0316
5250,1.0607
5251,1.0245
5252,0.8671
5253,0.9685
5254,1.2533
5255,1.0087
5256,1.2596
5257,0.9475
5258,0.9911
5259,0.9857
5260,0.9857
5261,0.9966
5262,1.1657
5263,1.0439
5264,1.1456
5265,1.0647
5266,0.8398
5267,1.1703
5268,0.9178
5269,1.0419
5270,0.9937
5271,0.9864
5272,1.0619
5273,1.1097
5274,1.0666
5275,1.0054
5276,0.9638
5277,0.9161
5278,0.9667
5279,0.9354
5280,1.046
5281,0.9191
5282,0.9079
5283,0.876
5284,1.1245
5285,0.8933
5286,0.9579
5287,0.8998
5288,0.834
5289,0.958
5290,1.0579
5291,0.9413
5292,1.0081
5293,0.9825
5294,1.4273
5295,0.9331
5296,1.0394
5297,1.0894
5298,1.2125
5299,0.988
5300,1.0764
5301,1.1539
5302,0.9896
5303,0.9164
5304,1.2424
5305,1.3249
5306,0.8842
5307,0.9824
5308,0.9016
5309,0.9892
5310,0.9103
5311,1.0764
5312,0.9883
5313,1.1573
5314,0.9912
5315,0.9222
5316,1.1531
5317,0.9812
5318,1.1696
5319,1.0589
5320,0.9306
5321,1.1736
5322,0.981
5323,0.9584
5324,1.0477
5325,1.0126
5326,0.9861
5327,0.958
5328,0.9718
5329,1.0923
5330,1.075
5331,0.9751
5332,1.0255
5333,0.9847
5334,0.9348
5335,1.4521
5336,1.1035
5337,1.1555
5338,0.9644
5339,0.9299
5340,0.906
5341,1.0871
5342,0.9923
5343,1.0628
5344,1.0635
5345,1.0764
5346,1.072
5347,0.8208
5348,0.9161
5349,0.8612
5350,1.3562
5351,0.987
5352,0.9342
5353,1.0231
5354,1.002
5355,0.963
5356,1.5078
5357,1.0443
5358,1.1363
5359,0.894
5360,1.0863
5361,0.9109
5362,0.8842
5363,1.0857
5364,0.9343
5365,0.931
5366,0.918
5367,1.0448
5368,1.069
5369,1.0517
5370,0.9804
5371,1.1752
5372,0.9919
5373,0.9069
5374,1.0359
5375,0.9725
5376,1.0879
5377,0.891
5378,1.2896
5379,1.0179
5380,0.9286
5381,0.8794
5382,0.9872
5383,0.9401
5384,1.2188
5385,1.0148
5386,0.9792
5387,1.1647
5388,1.0248
5389,1.0373
5390,0.9882
5391,0.8911
5392,0.9977
5393,1.7162
5394,1.0495
5395,0.975
5396,1.2152
5397,1.2622
5398,1.0058
5399,1.1193
5400,1.1359
5401,1.0809
5402,1.0169
5403,1.2349
5404,1.1248
5405,0.9706
5406,1.2104
5407,0.9774
5408,1.0599
5409,0.9627
5410,1.0324
5411,0.9583
5412,0.9885
5413,1.0109
5414,1.0637
5415,0.9058
5416,0.9471
5417,0.9799
5418,1.0442
5419,0.9559
5420,0.9557
5421,1.3694
5422,0.9548
5423,1.258
5424,0.9873
5425,1.3847
5426,0.9705
5427,0.9322
5428,0.948
5429,1.0038
5430,0.966
5431,0.9544
5432,1.2738
5433,0.9266
5434,0.9916
5435,1.0767
5436,1.2071
5437,0.8308
5438,1.0784
5439,1.0518
5440,0.862
5441,1.0956
5442,1.0707
5443,1.1674
5444,0.8874
5445,0.9301
5446,1.0285
5447,1.011
5448,0.9177
5449,0.9013
5450,1.0074
5451,1.0291
5452,0.9282
5453,1.1015
5454,1.009
5455,0.9817
5456,0.9932
5457,1.1015
5458,1.3338
5459,1.3299
5460,0.9864
5461,0.9755
5462,0.955
5463,0.9833
5464,1.0354
5465,0.972
5466,1.0479
5467,1.0655
5468,0.9928
5469,0.9881
5470,1.1677
5471,1.0157
5472,1.0216
5473,1.0971
5474,1.1254
5475,1.1473
5476,0.9876
5477,0.911
5478,0.9833
5479,0.8485
5480,1.0126
5481,1.0185
5482,0.9208
5483,1.0348
5484,1.0821
5485,1.0353
5486,0.8787
5487,1.0309
5488,1.1405
5489,0.991
5490,0.9263
5491,0.9248
5492,0.9049
5493,1.3656
5494,0.9583
5495,1.1841
5496,1.0232
5497,1.1297
5498,1.1083
5499,0.9837
5500,1.008
5501,1.1065
5502,1.0232
5503,1.0824
5504,1.1107
5505,0.8528
5506,1.0037
5507,1.0267
5508,1.0399
5509,1.0245
5510,1.1069
5511,1.1129
5512,1.0155
5513,1.0372
5514,0.9113
5515,1.1638
5516,1.07
5517,1.2192
5518,1.0023
5519,1.1104
5520,0.963
5521,0.9723
5522,1.1371
5523,0.9507
5524,0.8849
5525,1.1474
5526,1.0543
5527,1.3928
5528,0.8911
5529,0.9556
5530,1.2083
5531,0.9859
5532,1.0868
5533,1.1307
5534,0.9007
5535,1.0069
5536,1.13
5537,1.0698
5538,0.99
5539,1.0322
5540,1.1817
5541,1.114
5542,1.0321
5543,1.0161
5544,1.3707
5545,1.1517
5546,0.9472
5547,1.0626
5548,0.95
5549,1.043
5550,0.9743
5551,1.0016
5552,1.2329
5553,0.9361
5554,0.9498
5555,1.0999
5556,0.8957
5557,1.0604
5558,1.0858
5559,1.0337
5560,0.9224
5561,1.1343
5562,1.2903
5563,0.9678
5564,1.0004
5565,1.1007
5566,1.0937
5567,0.8538
5568,1.1663
5569,1.0622
5570,1.1157
5571,1.0664
5572,1.375
5573,1.0072
5574,0.9709
5575,1.0499
5576,1.0516
5577,1.2938
5578,1.3738
5579,1.1378
5580,0.9362
5581,0.9213
5582,1.0208
5583,1.3319
5584,1.0067
5585,1.1659
5586,0.9723
5587,1.0452
5588,2.1849
5589,0.9668
5590,0.98
5591,1.0587
5592,1.1114
5593,1.1161
5594,1.2296
5595,0.9723
5596,0.9485
5597,1.0318
5598,1.027
5599,1.0581
5600,0.9624
5601,1.0143
5602,0.9812
5603,1.0015
5604,1.1607
5605,1.092
5606,1.1395
5607,1.1491
5608,0.9669
5609,1.3092
5610,0.9231
5611,1.0132
5612,0.9694
5613,1.0235
5614,0.8587
5615,0.9967
5616,1.0154
5617,1.1497
5618,1.3395
5619,1.2096
5620,0.9939
5621,1.0525
5622,0.8829
5623,0.8935
5624,1.119
5625,1.2856
5626,0.9586
5627,1.1573
5628,1.0264
5629,1.0296
5630,1.1344
5631,1.001
5632,1.0939
5633,1.0808
5634,1.4089
5635,1.1825
5636,1.4031
5637,0.9604
5638,1.1141
5639,1.2382
5640,1.0699
5641,1.0646
5642,0.984
5643,0.9708
5644,1.0743
5645,1.0219
5646,0.9723
5647,1.0712
5648,1.2801
5649,1.2999
5650,1.1291
5651,1.0609
5652,1.1274
5653,0.9268
5654,1.0129
5655,1.0789
5656,0.9529
5657,0.9701
5658,1.0956
5659,1.0828
5660,0.9958
5661,1.3608
5662,1.1176
5663,0.9607
5664,0.9838
5665,1.0129
5666,1.1241
5667,1.1524
5668,1.0746
5669,1.4478
5670,1.1215
5671,1.0187
5672,1.0673
5673,1.255
5674,1.3071
5675,1.0709
5676,0.9933
5677,1.0749
5678,0.9423
5679,1.2861
5680,1.0181
5681,1.1701
5682,0.9639
5683,0.9958
5684,1.1945
5685,1.0723
5686,1.0019
5687,0.9084
5688,0.9273
5689,1.121
5690,1.062
5691,0.9017
5692,1.7981
5693,1.1062
5694,1.0615
5695,1.0589
5696,1.2957
5697,1.2148
5698,1.3588
5699,1.019
5700,1.0924
5701,1.1086
5702,0.9878
5703,1.3166
5704,1.4078
5705,1.1081
5706,1.1623
5707,1.1506
5708,1.0821
5709,1.2546
5710,1.1969
5711,1.4601
5712,1.6338
5713,1.1176
5714,1.006
5715,1.0405
5716,0.9842
5717,1.1023
5718,0.9298
5719,1.1472
5720,1.1488
5721,1.1758
5722,1.1438
5723,1.1152
5724,1.0947
5725,1.0541
5726,1.0588
5727,1.4264
5728,1.1639
5729,1.0382
5730,1.0001
5731,1.1815
5732,1.1096
5733,0.9969
5734,1.263
5735,1.0689
5736,1.042
5737,1.1407
5738,1.1103
5739,1.1348
5740,1.9473
5741,1.3922
5742,1.1783
5743,1.221
5744,1.0411
5745,0.9595
5746,1.0753
5747,1.0537
5748,1.027
5749,1.1116
5750,1.2348
5751,1.1256
5752,1.0706
5753,1.283
5754,0.9644
5755,1.1861
5756,1.3846
5757,1.3037
5758,1.0119
5759,0.9593
5760,1.1725
5761,1.2291
5762,0.9358
5763,0.9982
5764,1.3478
5765,1.0451
5766,1.1059
5767,1.091
5768,1.1853
5769,1.1831
5770,1.4986
5771,1.0008
5772,1.0645
5773,1.1785
5774,0.9756
5775,1.1894
5776,1.0426
5777,1.0721
5778,1.1251
5779,1.0756
5780,1.0254
5781,1.083
5782,1.0774
5783,0.9908
5784,1.0683
5785,1.0899
5786,0.9656
5787,1.3501
5788,1.2209
5789,1.0498
5790,1.0964
5791,1.1628
5792,1.0296
5793,1.3304
5794,1.0429
5795,1.252
5796,1.0784
5797,0.9081
5798,1.2956
5799,1.0508
5800,1.3088
5801,1.0114
5802,1.1034
5803,1.0826
5804,1.1576
5805,1.0114
5806,0.9513
5807,1.4059
5808,1.1707
5809,1.0559
5810,0.9548
5811,1.105
5812,1.0163
5813,1.0252
5814,1.114
5815,1.1805
5816,1.0359
5817,1.0968
5818,1.2029
5819,2.3099
5820,1.1723
5821,1.3503
5822,1.3031
5823,0.9679
5824,1.0918
5825,1.0638
5826,0.9468
5827,1.0989
5828,1.029
5829,1.0752
5830,1.189
5831,1.1821
5832,1.071
5833,1.228
5834,1.4181
5835,1.133
5836,1.2638
5837,1.2289
5838,0.9732
5839,1.0317
5840,2.6308
5841,1.0518
5842,1.2584
5843,1.0503
5844,1.0521
5845,1.2422
5846,1.2469
5847,1.0501
5848,1.3077
5849,1.0318
5850,1.1493
5851,1.0678
5852,1.1855
5853,1.0978
5854,1.1459
5855,1.0885
5856,1.028
5857,1.0749
5858,0.9556
5859,2.5212
5860,1.2287
5861,0.9581
5862,1.0541
5863,1.0391
5864,1.1267
5865,1.0966
5866,1.1454
5867,1.33
5868,2.8547
5869,0.9737
5870,1.0897
5871,1.0591
5872,1.1548
5873,1.5358
5874,1.1939
5875,1.0128
5876,1.1165
5877,1.2481
5878,1.0752
5879,1.3559
5880,1.076
5881,1.2074
5882,1.006
5883,1.7391
5884,1.2492
5885,1.3532
5886,1.0258
5887,1.0543
5888,1.103
5889,1.2385
5890,1.1737
5891,1.2721
5892,1.0775
5893,1.247
5894,1.4822
5895,1.0254
5896,1.1787
5897,1.207
5898,1.2581
5899,1.0373
5900,1.2899
5901,1.0593
5902,1.1799
5903,1.2007
5904,1.1585
5905,1.298
5906,1.0467
5907,1.1412
5908,1.1188
5909,2.9165
5910,1.0965
5911,0.9736
5912,1.1365
5913,1.4425
5914,1.3448
5915,1.1338
5916,1.168
5917,1.1496
5918,1.2065
5919,1.2459
5920,1.0434
5921,1.0158
5922,1.0034
5923,1.3387
5924,1.1536
5925,1.0669
5926,1.7441
5927,1.1485
5928,1.0621
5929,1.2725
5930,1.2024
5931,1.0568
5932,1.1492
5933,1.2233
5934,1.1981
5935,1.4126
5936,1.3851
5937,1.0589
5938,1.1226
5939,0.9581
5940,1.1781
5941,1.2092
5942,1.288
5943,1.0095
5944,1.0563
5945,1.0998
5946,1.2341
5947,1.0136
5948,1.1264
5949,1.0227
5950,1.1276
5951,1.1396
5952,1.0987
5953,1.1464
5954,1.1163
5955,1.068
5956,1.1386
5957,1.0433
5958,1.1428
5959,1.0608
5960,1.276
5961,1.2872
5962,1.2981
5963,1.0121
5964,1.3909
5965,1.057
5966,1.2005
5967,1.0444
5968,1.0616
5969,1.1567
5970,1.3
5971,1.3441
5972,1.0768
5973,1.1088
5974,1.0624
5975,0.9649
5976,1.3866
5977,1.0628
5978,1.0575
5979,1.1442
5980,1.0503
5981,1.3239
5982,1.1073
5983,2.0891
5984,1.2556
5985,1.1218
5986,1.1513
5987,1.1126
5988,1.0359
5989,1.1098
5990,1.0716
5991,1.1064
5992,0.9798
5993,1.1216
5994,1.093
5995,1.1788
5996,1.0932
5997,1.1464
5998,1.0908
5999,1.0399
6000,1.4048
6001,1.113
6002,1.0164
6003,1.1709
6004,1.3548
6005,1.1368
6006,1.1638
6007,2.2861
6008,1.3501
6009,0.9801
6010,1.858
6011,1.2001
6012,1.1954
6013,1.1819
6014,1.4952
6015,1.0583
6016,1.1248
6017,1.1058
6018,1.3231
6019,1.0827
6020,1.0863
6021,1.33
6022,1.3745
6023,1.0077
6024,1.1283
6025,1.0976
6026,1.0927
6027,1.0836
6028,1.3739
6029,1.3663
6030,1.0964
6031,1.04
6032,1.0542
6033,1.9991
6034,1.361
6035,1.1176
6036,1.2172
6037,1.0888
6038,1.1826
6039,1.0316
6040,1.9373
6041,1.2299
6042,1.2335
6043,1.0811
6044,1.1944
6045,1.2179
6046,1.1057
6047,1.9916
6048,1.1281
6049,1.1198
6050,1.2233
6051,1.1079
6052,1.2882
6053,1.0663
6054,1.2134
6055,1.5764
6056,1.124
6057,1.0747
6058,1.0662
6059,1.1297
6060,1.1248
6061,1.0752
6062,1.0625
6063,1.3467
6064,1.1766
6065,1.073
6066,1.0809
6067,1.2076
6068,1.0539
6069,1.1468
6070,1.1941
6071,1.1943
6072,1.0785
6073,1.1776
6074,1.1397
6075,1.2786
6076,1.3581
6077,1.1813
6078,1.1382
6079,1.1477
6080,1.1613
6081,1.1688
6082,1.1241
6083,1.0308
6084,1.3028
6085,1.4404
6086,1.1891
6087,1.1479
6088,1.5991
6089,1.1865
6090,1.0897
6091,1.3275
6092,1.1512
6093,1.0388
6094,1.3966
6095,1.1336
6096,1.0614
6097,1.3477
6098,1.0651
6099,1.5778
6100,1.1836
6101,1.1597
6102,1.0382
6103,1.3365
6104,1.1704
6105,1.1592
6106,1.1251
6107,1.1716
6108,1.0317
6109,1.1636
6110,1.2829
6111,1.1615
6112,1.1625
6113,1.2239
6114,1.1
6115,1.9499
6116,1.1875
6117,1.5827
6118,1.1443
6119,1.1727
6120,1.1454
6121,2.0917
6122,1.0893
6123,1.1338
6124,1.0679
6125,1.243
6126,1.1711
6127,1.0772
6128,1.0711
6129,1.0685
6130,1.7019
6131,1.1773
6132,1.0744
6133,1.1489
6134,1.226
6135,1.1598
6136,1.0775
6137,1.4736
6138,1.2187
6139,1.7634
6140,1.5486
6141,1.1143
6142,1.6232
6143,1.3956
6144,1.0807
6145,1.182
6146,1.3639
6147,1.0516
6148,1.3306
6149,1.4538
6150,1.3184
6151,1.1197
6152,1.0947
6153,1.0008
6154,2.9437
6155,1.0828
6156,1.2335
6157,1.1371
6158,1.0622
6159,1.2049
6160,1.3333
6161,1.3141
6162,1.3774
6163,1.0303
6164,1.2418
6165,1.3595
6166,1.0714
6167,1.4142
6168,1.1208
6169,1.0045
6170,1.1082
6171,1.2533
6172,1.1885
6173,1.157
6174,1.1627
6175,1.1665
6176,1.1985
6177,1.3137
6178,1.1893
6179,1.2012
6180,2.1504
6181,1.2721
6182,1.134
6183,1.2853
6184,1.3114
6185,1.4498
6186,1.2534
6187,1.0966
6188,1.3394
6189,1.1145
6190,1.2807
6191,1.1625
6192,1.1653
6193,1.1899
6194,1.2883
6195,1.183
6196,1.3527
6197,1.1741
6198,1.171
6199,1.3885
6200,1.1212
6201,1.111
6202,1.2911
6203,1.1184
6204,1.258
6205,1.1704
6206,1.8429
6207,0.9787
6208,1.1691
6209,1.0144
6210,1.0823
6211,1.1003
6212,1.3764
6213,1.5334
6214,1.3195
6215,1.4033
6216,1.1116
6217,1.226
6218,1.3308
6219,1.0967
6220,1.0709
6221,1.1456
6222,1.1642
6223,1.1073
6224,1.328
6225,1.3942
6226,1.5393
6227,1.0955
6228,1.088
6229,1.1867
6230,1.0869
6231,1.1975
6232,1.1646
6233,1.1702
6234,1.8699
6235,1.0421
6236,0.9808
6237,1.5758
6238,1.1804
6239,1.361
6240,1.1794
6241,1.2775
6242,3.6512
6243,1.2473
6244,1.127
6245,1.032
6246,1.1738
6247,1.3006
6248,1.0361
6249,1.0581
6250,1.3037
6251,1.2361
6252,1.1386
6253,1.4185
6254,1.2483
6255,1.32
6256,1.1321
6257,1.1048
6258,1.3156
6259,1.2935
6260,1.0967
6261,1.2231
6262,1.1461
6263,1.1116
6264,1.1876
6265,1.0803
6266,1.0876
6267,1.1682
6268,1.7477
6269,1.2415
6270,1.2426
6271,1.1236
6272,1.134
6273,1.5752
6274,1.1775
6275,1.2617
6276,1.5196
6277,1.2696
6278,1.0986
6279,1.3523
6280,1.1624
6281,1.246
6282,1.1655
6283,1.2552
6284,1.0815
6285,1.4086
6286,1.324
6287,1.3993
6288,1.19
6289,1.52
6290,1.5657
6291,1.3686
6292,1.0954
6293,1.3096
6294,1.0138
6295,1.3667
6296,1.2505
6297,1.2164
6298,1.1765
6299,1.2421
6300,1.1501
6301,1.203
6302,1.1284
6303,1.16
6304,1.3748
6305,1.3998
6306,1.2993
6307,1.4634
6308,1.6635
6309,1.3819
6310,1.3178
6311,1.4733
6312,1.109
6313,1.2974
6314,1.1122
6315,1.0784
6316,1.1714
6317,1.2873
6318,1.0998
6319,1.0412
6320,1.5994
6321,1.9989
6322,1.1452
6323,1.4435
6324,1.1903
6325,1.3008
6326,1.1108
6327,1.2399
6328,1.4192
6329,1.2745
6330,1.2039
6331,1.3588
6332,1.0803
6333,1.105
6334,1.1013
6335,1.3018
6336,1.1044
6337,1.1806
6338,1.3824
6339,1.26
6340,1.4886
6341,1.3031
6342,1.133
6343,1.2441
6344,1.1558
6345,1.27
6346,1.2446
6347,1.4906
6348,1.3178
6349,1.1699
6350,1.0853
6351,1.3784
6352,1.2255
6353,1.1339
6354,1.1225
6355,1.1337
6356,1.09
6357,1.1536
6358,1.3519
6359,1.1812
6360,1.3964
6361,1.456
6362,1.1217
6363,1.1693
6364,1.0898
6365,1.08
6366,1.1831
6367,1.314
6368,1.6372
6369,1.2665
6370,1.4405
6371,1.2468
6372,1.3644
6373,1.331
6374,1.3368
6375,1.1502
6376,1.407
6377,1.1068
6378,1.4252
6379,1.1329
6380,1.3906
6381,1.1974
6382,1.7743
6383,1.1812
6384,1.1754
6385,1.4834
6386,1.3661
6387,1.4249
6388,1.6067
6389,1.356
6390,1.311
6391,1.3724
6392,1.2
6393,1.3231
6394,1.0293
6395,1.1206
6396,1.3055
6397,1.3069
6398,1.5518
6399,1.4339
6400,1.061
6401,1.3333
6402,1.3796
6403,1.3315
6404,1.0649
6405,2.2046
6406,1.0156
6407,1.1745
6408,1.617
6409,1.1218
6410,1.3105
6411,1.2507
6412,1.2376
6413,1.5165
6414,1.3803
6415,1.1556
6416,1.9469
6417,1.2255
6418,1.1734
6419,1.2677
6420,1.0726
6421,1.0856
6422,1.0497
6423,1.4386
6424,0.9657
6425,0.9756
6426,1.1024
6427,1.1963
6428,1.2739
6429,1.1215
6430,1.0461
6431,1.3863
6432,1.1525
6433,1.1752
6434,1.1108
6435,1.3702
6436,1.2055
6437,1.0819
6438,1.279
6439,1.147
6440,1.4175
6441,1.1308
6442,1.2695
6443,1.3593
6444,1.5197
6445,1.1196
6446,1.2862
6447,1.3808
6448,1.165
6449,1.3583
6450,1.4069
6451,1.1347
6452,1.3041
6453,1.3932
6454,1.5414
6455,1.3378
6456,1.0739
6457,1.387
6458,1.3173
6459,1.2639
6460,1.0712
6461,1.1655
6462,1.13
6463,1.2385
6464,1.2629
6465,1.0846
6466,1.2633
6467,1.2465
6468,1.3285
6469,1.1661
6470,1.3887
6471,1.0828
6472,1.3267
6473,1.537
6474,1.3082
6475,1.2771
6476,1.2931
6477,1.0486
6478,1.1587
6479,1.2966
6480,1.3093
6481,1.3786
6482,1.2982
6483,1.3916
6484,1.3482
6485,1.2715
6486,1.1378
6487,1.3486
6488,1.3857
6489,1.0753
6490,1.4633
6491,1.0991
6492,1.2903
6493,1.3655
6494,2.0757
6495,1.1222
6496,1.245
6497,1.7177
6498,1.3202
6499,1.3564
6500,1.2757
6501,1.1915
6502,1.6101
6503,1.1915
6504,1.3463
6505,1.85
6506,1.4186
6507,1.2391
6508,1.3461
6509,1.3257
6510,1.3262
6511,1.3779
6512,1.1798
6513,1.3271
6514,1.1403
6515,1.1692
6516,1.3828
6517,1.3521
6518,1.3828
6519,1.3509
6520,1.2556
6521,2.2141
6522,1.6828
6523,1.2828
6524,1.174
6525,1.268
6526,1.3756
6527,1.1625
6528,1.5293
6529,1.3489
6530,1.5668
6531,1.5831
6532,1.1624
6533,1.3434
6534,1.3119
6535,1.2153
6536,1.4563
6537,1.4246
6538,1.3596
6539,1.1219
6540,1.3975
6541,1.7328
6542,1.3928
6543,1.265
6544,1.3211
6545,1.2581
6546,1.3108
6547,1.263
6548,1.1332
6549,1.3573
6550,1.1475
6551,1.0919
6552,1.1655
6553,1.1432
6554,1.4508
6555,1.1429
6556,1.3744
6557,1.3916
6558,1.1732
6559,1.1883
6560,1.2593
6561,1.336
6562,1.3146
6563,1.3498
6564,1.4422
6565,1.3821
6566,1.2677
6567,1.4425
6568,1.3953
6569,1.3958
6570,1.3416
6571,1.7145
6572,1.3532
6573,1.3385
6574,0.9992
6575,1.5149
6576,1.3012
6577,1.2973
6578,1.5015
6579,1.1871
6580,1.1437
6581,1.153
6582,1.1654
6583,1.2042
6584,1.1744
6585,1.4084
6586,1.2679
6587,1.4543
6588,1.3356
6589,1.2019
6590,1.5585
6591,1.2863
6592,1.9003
6593,1.3935
6594,1.1678
6595,1.2275
6596,1.1657
6597,1.2542
6598,1.7758
6599,1.4271
6600,1.2022
6601,1.0736
6602,1.1839
6603,1.111
6604,1.5373
6605,1.5089
6606,1.3369
6607,1.3987
6608,1.2586
6609,1.3108
6610,1.2656
6611,1.2436
6612,1.1264
6613,1.1618
6614,1.3484
6615,1.5504
6616,1.1448
6617,1.0752
6618,1.3556
6619,1.1136
6620,1.3738
6621,1.6416
6622,1.6585
6623,1.4855
6624,1.3093
6625,1.3464
6626,1.1931
6627,1.5943
6628,1.5548
6629,1.5558
6630,1.341
6631,1.9426
6632,1.3577
6633,1.4169
6634,1.3004
6635,1.1941
6636,1.3055
6637,1.2884
6638,1.1632
6639,1.2819
6640,2.0057
6641,1.3118
6642,1.4317
6643,1.1854
6644,1.5306
6645,1.1546
6646,1.5348
6647,1.4848
6648,2.1112
6649,1.1358
6650,1.2298
6651,1.3431
6652,2.2262
6653,1.1179
6654,1.5748
6655,1.3202
6656,2.6284
6657,2.3567
6658,2.353
6659,1.6281
6660,1.4122
6661,1.5398
6662,1.6652
6663,1.4349
6664,1.0812
6665,1.347
6666,1.5545
6667,1.4833
6668,1.2687
6669,1.5768
6670,1.3733
6671,1.1928
6672,1.2837
6673,1.4785
6674,1.4189
6675,1.2258
6676,1.3635
6677,1.6743
6678,3.162
6679,1.6305
6680,1.5849
6681,1.6025
6682,2.7221
6683,1.3737
6684,1.7161
6685,1.6077
6686,1.2074
6687,1.4043
6688,1.8412
6689,1.3061
6690,1.443
6691,1.548
6692,1.1063
6693,1.5
6694,1.3368
6695,1.5069
6696,1.4468
6697,1.4224
6698,1.4624
6699,1.3382
6700,1.312
6701,1.5324
6702,1.3369
6703,1.3892
6704,1.5375
6705,1.4226
6706,1.3188
6707,1.8022
6708,1.1372
6709,1.2794
6710,1.1859
6711,1.231
6712,1.4006
6713,1.5846
6714,1.3888
6715,1.4822
6716,1.4573
6717,1.2608
6718,1.2945
6719,1.4455
6720,1.4493
6721,1.7122
6722,1.3463
6723,1.4228
6724,1.1284
6725,1.3123
6726,1.4615
6727,1.214
6728,1.3324
6729,1.1528
6730,1.3913
6731,1.2329
6732,1.286
6733,1.393
6734,1.2899
6735,1.4037
6736,1.6458
6737,1.3817
6738,1.1742
6739,1.3949
6740,1.3044
6741,1.3539
6742,1.2843
6743,1.3839
6744,1.842
6745,1.3712
6746,1.4637
6747,1.1626
6748,2.7086
6749,1.2751
6750,1.3873
6751,1.3776
6752,1.3918
6753,1.5277
6754,1.3657
6755,1.5671
6756,1.2922
6757,1.0546
6758,1.6377
6759,1.5424
6760,1.1569
6761,1.4124
6762,1.0951
6763,1.1604
6764,2.1197
6765,1.3091
6766,1.0726
6767,1.3841
6768,2.3567
6769,1.3982
6770,1.3688
6771,1.362
6772,1.7411
6773,1.3079
6774,1.38
6775,1.112
6776,1.3188
6777,1.4828
6778,1.3223
6779,1.4658
6780,1.6247
6781,1.4228
6782,1.2987
6783,1.3592
6784,1.6097
6785,1.2663
6786,1.3811
6787,1.3037
6788,1.3549
6789,1.3195
6790,1.3917
6791,1.3301
6792,1.7163
6793,1.3641
6794,1.3902
6795,1.2387
6796,1.4746
6797,1.565
6798,1.2094
6799,1.1389
6800,1.0527
6801,1.3663
6802,2.7363
6803,2.5906
6804,1.1553
6805,1.3281
6806,1.2799
6807,1.5658
6808,1.3532
6809,1.5111
6810,1.3151
6811,1.3688
6812,1.1922
6813,1.428
6814,1.2767
6815,1.3857
6816,1.5142
6817,1.3188
6818,1.1518
6819,1.1038
6820,1.3117
6821,1.358
6822,1.5989
6823,1.1744
6824,1.6414
6825,1.4943
6826,1.2108
6827,1.3329
6828,1.3525
6829,1.1571
6830,1.1832
6831,1.3895
6832,1.3503
6833,1.4506
6834,1.3322
6835,1.6074
6836,1.8118
6837,1.1676
6838,1.3111
6839,1.8273
6840,1.3449
6841,1.4324
6842,1.3807
6843,1.3779
6844,1.323
6845,1.3746
6846,1.4358
6847,1.984
6848,1.1997
6849,1.1739
6850,1.2862
6851,1.3399
6852,1.2768
6853,1.7223
6854,1.6262
6855,1.4366
6856,1.1977
6857,1.3189
6858,1.5047
6859,1.4216
6860,1.5632
6861,1.4393
6862,1.4666
6863,1.3629
6864,1.4445
6865,1.175
6866,1.6185
6867,1.425
6868,1.6479
6869,1.377
6870,1.3319
6871,1.3893
6872,1.3855
6873,1.393
6874,1.8066
6875,1.3966
6876,1.3002
6877,1.5151
6878,1.4048
6879,1.1745
6880,1.16
6881,1.413
6882,1.3446
6883,1.296
6884,1.2473
6885,1.2879
6886,1.4607
6887,1.5696
6888,1.2356
6889,1.4461
6890,1.112
6891,1.4218
6892,1.4407
6893,1.3241
6894,1.4061
6895,1.368
6896,1.4104
6897,1.4672
6898,3.265
6899,1.2973
6900,1.3955
6901,1.3524
6902,1.3723
6903,1.3777
6904,1.3989
6905,1.6306
6906,1.9199
6907,1.3938
6908,1.4197
6909,1.3713
6910,1.2859
6911,1.1425
6912,1.2983
6913,1.4687
6914,1.6714
6915,1.4795
6916,1.3003
6917,1.3416
6918,1.468
6919,1.4791
6920,1.6172
6921,1.2633
6922,1.3919
6923,1.3105
6924,1.5067
6925,1.1592
6926,1.4178
6927,1.6372
6928,1.1467
6929,1.7655
6930,1.3579
6931,1.4008
6932,1.4462
6933,1.5262
6934,1.9324
6935,1.5744
6936,1.457
6937,1.3842
6938,1.4024
6939,1.3912
6940,1.5574
6941,1.1158
6942,1.5649
6943,1.5611
6944,1.2749
6945,1.3757
6946,1.4481
6947,1.7288
6948,1.3179
6949,1.8712
6950,1.5359
6951,1.1693
6952,1.3763
6953,1.378
6954,1.1019
6955,1.4704
6956,1.3301
6957,1.1407
6958,1.3677
6959,1.4191
6960,1.3172
6961,1.412
6962,1.5617
6963,1.5104
6964,1.5591
6965,1.5326
6966,2.0558
6967,1.3782
6968,1.3193
6969,1.591
6970,1.7783
6971,1.6314
6972,1.824
6973,1.6424
6974,1.0705
6975,1.7009
6976,1.3724
6977,1.1626
6978,1.3187
6979,1.2657
6980,1.437
6981,1.3189
6982,1.7416
6983,1.4108
6984,1.2222
6985,1.5767
6986,1.4465
6987,1.4577
6988,1.4151
6989,1.7634
6990,1.3371
6991,1.7386
6992,1.3832
6993,1.1973
6994,1.2869
6995,1.3963
6996,2.1119
6997,2.1215
6998,1.4997
6999,1.6622
7000,1.4928
7001,1.7734
7002,1.4843
7003,1.383
7004,1.4379
7005,1.4802
7006,1.3055
7007,1.457
7008,1.5631
7009,1.5504
7010,1.6644
7011,1.5307
7012,1.4553
7013,1.8129
7014,1.4595
7015,2.2652
7016,1.3837
7017,1.514
7018,1.6607
7019,1.4312
7020,1.7435
7021,1.4045
7022,1.2767
7023,1.4533
7024,1.4848
7025,1.5481
7026,1.4584
7027,1.5085
7028,1.4565
7029,1.439
7030,1.2352
7031,1.3278
7032,1.4808
7033,1.5579
7034,2.1417
7035,1.4211
7036,1.6967
7037,1.5977
7038,1.3592
7039,1.4253
7040,1.4254
7041,1.2581
7042,1.3253
7043,1.2704
7044,1.5037
7045,1.4071
7046,1.4068
7047,1.4018
7048,1.4017
7049,1.3458
7050,1.4703
7051,1.4453
7052,1.3595
7053,1.3562
7054,1.5126
7055,1.3337
7056,1.6589
7057,1.4027
7058,1.419
7059,1.4984
7060,1.559
7061,1.4147
7062,1.3903
7063,1.3055
7064,1.3542
7065,1.5479
7066,1.9253
7067,1.4084
7068,1.2665
7069,1.4069
7070,1.5992
7071,1.3765
7072,1.3245
7073,1.4109
7074,1.5123
7075,1.3429
7076,1.5078
7077,1.5201
7078,1.6276
7079,1.6543
7080,1.508
7081,1.2919
7082,1.6869
7083,1.4891
7084,1.6659
7085,1.5795
7086,1.3423
7087,1.527
7088,1.4543
7089,1.4648
7090,1.6314
7091,1.3703
7092,1.3725
7093,1.5057
7094,1.4446
7095,1.4215
7096,1.3541
7097,1.4213
7098,1.6229
7099,1.21
7100,1.2856
7101,1.449
7102,1.4056
7103,1.6848
7104,1.3635
7105,1.4554
7106,1.5885
7107,1.539
7108,1.4707
7109,1.2239
7110,1.4831
7111,1.506
7112,1.5057
7113,1.5292
7114,1.6834
7115,1.4367
7116,1.3691
7117,1.2775
7118,1.6017
7119,1.5452
7120,1.7059
7121,1.568
7122,1.4402
7123,2.09
7124,1.4506
7125,1.8269
7126,1.4462
7127,1.353
7128,1.3641
7129,1.648
7130,1.7565
7131,1.3841
7132,1.3968
7133,1.6268
7134,1.1404
7135,1.6718
7136,1.4945
7137,1.5831
7138,1.3698
7139,1.5463
7140,2.5498
7141,1.5069
7142,1.3435
7143,1.5857
7144,1.345
7145,1.3238
7146,1.3857
7147,1.4196
7148,1.7677
7149,1.6116
7150,1.7173
7151,1.3421
7152,1.4061
7153,1.6645
7154,1.6493
7155,1.6152
7156,1.384
7157,1.3214
7158,1.3039
7159,1.4946
7160,1.3349
7161,1.4116
7162,1.5911
7163,1.7449
7164,1.2087
7165,1.5774
7166,1.8999
7167,2.1076
7168,4.1401
7169,1.5304
7170,1.4478
7171,1.5845
7172,1.7424
7173,1.5762
7174,1.3821
7175,1.1691
7176,1.3796
7177,1.5443
7178,1.3485
7179,1.3585
7180,1.356
7181,1.6922
7182,1.4635
7183,1.4886
7184,1.4758
7185,1.3886
7186,1.3799
7187,1.7247
7188,1.4129
7189,1.4625
7190,1.5884
7191,1.6814
7192,1.4032
7193,1.6179
7194,1.3978
7195,1.4755
7196,1.7172
7197,1.5177
7198,1.821
7199,1.5849
7200,1.3837
7201,1.3691
7202,1.1379
7203,1.1737
7204,1.3331
7205,1.4741
7206,1.3837
7207,1.3644
7208,1.4168
7209,1.5977
7210,1.4301
7211,1.34
7212,1.4539
7213,1.388
7214,1.611
7215,1.6085
7216,1.6471
7217,1.7224
7218,1.6871
7219,1.5224
7220,1.4843
7221,1.3668
7222,1.4165
7223,1.4403
7224,1.4194
7225,1.4714
7226,1.3678
7227,1.4149
7228,1.3807
7229,1.3767
7230,1.4474
7231,1.1095
7232,1.448
7233,1.4066
7234,1.2966
7235,1.3744
7236,1.9213
7237,1.3911
7238,1.342
7239,1.5878
7240,1.6249
7241,1.3695
7242,1.6897
7243,1.4342
7244,1.4341
7245,1.3694
7246,1.2581
7247,1.3849
7248,1.6235
7249,1.5399
7250,1.4358
7251,1.3871
7252,1.3207
7253,1.579
7254,1.4565
7255,1.3535
7256,1.4249
7257,1.5158
7258,1.4328
7259,1.5016
7260,1.4771
7261,1.3258
7262,1.6243
7263,1.3253
7264,1.5404
7265,1.5629
7266,1.3348
7267,2.3444
7268,1.4805
7269,1.5182
7270,1.463
7271,1.3976
7272,1.9669
7273,1.3238
7274,1.392
7275,1.4628
7276,1.6554
7277,1.472
7278,1.7905
7279,1.4951
7280,1.4889
7281,1.3784
7282,1.8903
7283,1.6569
7284,1.4831
7285,1.4405
7286,1.3927
7287,1.6028
7288,1.4246
7289,1.7126
7290,1.9052
7291,1.5322
7292,1.4543
7293,1.3682
7294,1.3872
7295,1.467
7296,2.0656
7297,1.4153
7298,1.44
7299,1.6761
7300,1.691
7301,1.5525
7302,1.4866
7303,1.519
7304,1.4297
7305,1.4255
7306,1.5573
7307,1.6717
7308,1.6492
7309,1.5032
7310,2.3547
7311,1.5194
7312,1.511
7313,1.759
7314,1.4615
7315,1.7295
7316,1.4075
7317,1.4855
7318,1.3726
7319,1.8214
7320,1.3056
7321,1.3308
7322,2.243
7323,1.541
7324,1.4574
7325,1.6793
7326,1.5015
7327,1.6698
7328,1.5765
7329,1.9041
7330,1.4294
7331,1.4165
7332,1.3838
7333,1.5102
7334,1.6329
7335,1.57
7336,1.474
7337,1.5886
7338,1.843
7339,1.4994
7340,1.5195
7341,1.6521
7342,1.3684
7343,1.5001
7344,1.6891
7345,1.3753
7346,1.7303
7347,1.515
7348,1.5378
7349,1.3735
7350,1.5935
7351,1.5833
7352,2.0648
7353,1.5631
7354,1.814
7355,1.4204
7356,1.6511
7357,1.6435
7358,1.5666
7359,1.6151
7360,1.5203
7361,2.2112
7362,1.6565
7363,1.6674
7364,1.7113
7365,1.6833
7366,1.5661
7367,1.7827
7368,1.7165
7369,1.5359
7370,1.519
7371,1.3618
7372,1.617
7373,1.5123
7374,1.5073
7375,1.3613
7376,1.5779
7377,1.426
7378,1.4405
7379,1.4662
7380,1.4761
7381,1.568
7382,1.9099
7383,1.7333
7384,1.4043
7385,1.5782
7386,1.4657
7387,1.6165
7388,1.4242
7389,1.3686
7390,1.3969
7391,1.4937
7392,1.6271
7393,1.297
7394,1.5289
7395,1.5453
7396,1.4822
7397,1.6326
7398,1.406
7399,1.4598
7400,1.5875
7401,1.7029
7402,1.4404
7403,1.5
7404,1.7062
7405,1.5438
7406,1.4776
7407,1.306
7408,1.4449
7409,1.5192
7410,1.6956
7411,1.3364
7412,1.3655
7413,1.4474
7414,1.5585
7415,1.3334
7416,1.3119
7417,1.3419
7418,1.5219
7419,1.4909
7420,1.7524
7421,1.6496
7422,1.8332
7423,1.579
7424,1.411
7425,1.46
7426,1.4987
7427,1.5169
7428,1.4501
7429,1.4706
7430,1.5781
7431,1.9898
7432,1.4449
7433,1.4406
7434,1.4766
7435,2.1694
7436,1.3946
7437,1.5289
7438,1.4026
7439,1.6496
7440,1.7834
7441,1.3761
7442,1.4968
7443,1.4044
7444,2.4737
7445,1.5053
7446,1.4019
7447,1.4677
7448,1.6354
7449,1.5298
7450,1.4504
7451,1.4002
7452,1.7424
7453,1.5656
7454,1.4671
7455,1.4914
7456,1.5218
7457,1.2857
7458,2.1454
7459,1.5367
7460,1.574
7461,1.4772
7462,1.5734
7463,1.4218
7464,1.5869
7465,1.6339
7466,1.5808
7467,1.49
7468,1.6765
7469,1.8548
7470,1.5273
7471,1.5862
7472,1.5126
7473,1.4402
7474,1.5598
7475,1.4922
7476,1.5882
7477,1.5122
7478,1.7525
7479,1.683
7480,1.3593
7481,1.5528
7482,1.5655
7483,1.4387
7484,1.6029
7485,1.4323
7486,1.8043
7487,1.5087
7488,1.6501
7489,1.4837
7490,1.3707
7491,1.7777
7492,1.5298
7493,1.8312
7494,1.7722
7495,1.5309
7496,1.5318
7497,1.6259
7498,1.3686
7499,1.3599
7500,1.4238
7501,1.3193
7502,1.5393
7503,1.4984
7504,1.6117
7505,1.1771
7506,1.5214
7507,1.4616
7508,1.4354
7509,1.7815
7510,1.4816
7511,1.4331
7512,1.9765
7513,1.4825
7514,1.7096
7515,1.498
7516,1.36
7517,1.4417
7518,1.7061
7519,1.7
7520,1.3886
7521,1.3095
7522,1.6864
7523,1.4384
7524,1.8876
7525,1.7393
7526,1.5311
7527,1.6211
7528,1.5656
7529,1.4157
7530,1.4729
7531,1.5648
7532,1.4121
7533,1.5519
7534,1.6475
7535,1.5466
7536,1.568
7537,1.2955
7538,1.7816
7539,1.3992
7540,1.4928
7541,1.6952
7542,1.5591
7543,1.8273
7544,1.4749
7545,1.3794
7546,1.7511
7547,1.3502
7548,1.7117
7549,1.5437
7550,1.5444
7551,1.5183
7552,1.5572
7553,1.4231
7554,1.4112
7555,1.506
7556,2.4188
7557,1.6206
7558,1.5122
7559,1.5945
7560,1.5716
7561,1.6108
7562,1.428
7563,2.3696
7564,1.5694
7565,1.4233
7566,1.4555
7567,1.4828
7568,1.4004
7569,1.5709
7570,2.475
7571,1.3415
7572,2.2761
7573,1.4743
7574,1.8411
7575,1.4914
7576,1.7141
7577,1.4601
7578,1.5688
7579,1.5701
7580,1.2732
7581,1.596
7582,1.4903
7583,1.4831
7584,2.3809
7585,1.4497
7586,1.5299
7587,1.9921
7588,1.351
7589,1.6328
7590,1.6047
7591,1.4677
7592,1.3786
7593,1.4381
7594,1.7094
7595,1.3605
7596,1.5144
7597,1.7038
7598,1.7766
7599,1.4923
7600,1.4741
7601,1.5208
7602,1.5414
7603,1.4854
7604,1.6272
7605,1.3213
7606,1.5505
7607,1.5398
7608,1.3804
7609,1.5074
7610,1.7109
7611,1.5492
7612,1.67
7613,1.4986
7614,1.9241
7615,1.4811
7616,1.5346
7617,1.4112
7618,1.5844
7619,1.4851
7620,1.6348
7621,1.5382
7622,1.596
7623,1.5596
7624,1.6584
7625,1.5196
7626,1.821
7627,1.4925
7628,1.4592
7629,1.8816
7630,1.3058
7631,1.554
7632,1.5204
7633,1.8953
7634,1.4877
7635,1.6103
7636,1.9424
7637,1.5973
7638,2.6689
7639,1.6389
7640,1.398
7641,1.6507
7642,1.4161
7643,1.4789
7644,1.6417
7645,1.561
7646,1.6809
7647,1.4506
7648,1.4249
7649,1.5371
7650,1.6094
7651,1.38
7652,1.4628
7653,1.3306
7654,1.3595
7655,1.3361
7656,1.5649
7657,1.5415
7658,1.4499
7659,1.7783
7660,1.6185
7661,1.5008
7662,1.5276
7663,1.5745
7664,1.4759
7665,1.5736
7666,1.531
7667,1.429
7668,1.5025
7669,1.5363
7670,1.9796
7671,1.4557
7672,1.6544
7673,1.7713
7674,1.3781
7675,2.0197
7676,1.5762
7677,1.7419
7678,1.2552
7679,1.4704
7680,1.5215
7681,1.4558
7682,1.689
7683,1.437
7684,1.5204
7685,1.4406
7686,1.6173
7687,1.7213
7688,1.7255
7689,1.7099
7690,1.8347
7691,1.4177
7692,2.385
7693,1.4828
7694,1.6302
7695,1.4858
7696,1.5292
7697,1.4428
7698,1.4053
7699,1.7589
7700,1.8013
7701,1.506
7702,1.605
7703,1.8805
7704,1.6113
7705,1.4666
7706,1.5032
7707,1.7043
7708,1.5152
7709,1.47
7710,1.4377
7711,1.473
7712,1.6827
7713,1.6858
7714,1.3624
7715,2.2441
7716,1.6548
7717,1.5132
7718,1.8633
7719,1.6588
7720,1.5379
7721,1.3315
7722,1.5387
7723,1.6361
7724,1.4886
7725,1.5273
7726,1.7973
7727,2.427
7728,1.4924
7729,1.5212
7730,1.5054
7731,1.5083
7732,1.5523
7733,1.4958
7734,1.6451
7735,1.5746
7736,1.857
7737,1.6484
7738,1.6823
7739,1.7619
7740,2.8777
7741,1.6547
7742,1.4513
7743,1.3821
7744,1.3991
7745,1.5934
7746,2.3887
7747,1.5135
7748,1.4512
7749,1.7852
7750,1.6702
7751,1.9687
7752,1.6506
7753,1.6224
7754,1.5059
7755,2.3119
7756,1.4478
7757,1.5825
7758,1.5967
7759,1.372
7760,1.5744
7761,1.4315
7762,1.7444
7763,1.565
7764,1.6689
7765,1.5711
7766,1.622
7767,1.586
7768,1.502
7769,1.6177
7770,1.4849
7771,1.4591
7772,1.7371
7773,1.3772
7774,1.6514
7775,1.6709
7776,1.611
7777,1.4638
7778,2.1587
7779,1.6359
7780,1.6505
7781,1.4513
7782,1.7842
7783,1.5257
7784,1.6812
7785,1.7276
7786,1.5079
7787,1.7477
7788,1.3805
7789,1.5717
7790,1.6754
7791,2.2039
7792,1.5366
7793,1.6095
7794,1.673
7795,1.565
7796,3.0485
7797,1.5713
7798,1.5173
7799,1.6181
7800,1.6159
7801,1.4454
7802,1.559
7803,1.6624
7804,1.7861
7805,1.5831
7806,1.5501
7807,1.67
7808,1.3604
7809,1.3582
7810,1.9266
7811,1.7043
7812,1.4916
7813,2.4262
7814,1.4701
7815,1.5252
7816,1.3805
7817,1.9754
7818,1.6739
7819,1.5202
7820,1.5382
7821,1.5253
7822,1.5967
7823,1.6132
7824,1.7377
7825,1.5415
7826,1.6901
7827,1.534
7828,1.7293
7829,1.4279
7830,1.6198
7831,1.6171
7832,1.7372
7833,1.9679
7834,2.5792
7835,1.5179
7836,2.2725
7837,1.4949
7838,1.4924
7839,1.7192
7840,1.3675
7841,1.4335
7842,1.574
7843,1.6674
7844,1.6348
7845,1.5173
7846,1.6794
7847,1.582
7848,1.6208
7849,2.761
7850,1.4995
7851,1.5697
7852,1.4076
7853,1.9184
7854,1.45
7855,1.6105
7856,1.6722
7857,1.5349
7858,1.5286
7859,1.8415
7860,1.5651
7861,1.5561
7862,1.586
7863,1.6389
7864,1.6701
7865,1.6478
7866,1.6834
7867,1.6338
7868,1.3944
7869,1.7111
7870,2.1112
7871,1.5335
7872,1.6155
7873,1.6539
7874,1.6674
7875,1.6784
7876,1.59
7877,1.6245
7878,1.5919
7879,1.6419
7880,1.6864
7881,1.5088
7882,1.6057
7883,2.5084
7884,1.41
7885,1.8174
7886,1.6013
7887,1.6062
7888,1.5974
7889,1.557
7890,1.6273
7891,1.6199
7892,1.752
7893,1.7102
7894,1.4589
7895,1.4916
7896,1.588
7897,1.835
7898,1.5161
7899,1.4829
7900,1.5228
7901,1.5777
7902,2.0946
7903,1.6688
7904,1.5203
7905,1.5502
7906,1.4691
7907,1.4615
7908,1.5338
7909,1.6666
7910,1.6494
7911,1.7482
7912,1.5666
7913,1.639
7914,1.8001
7915,3.4
7916,1.6683
7917,1.5466
7918,1.4633
7919,1.4936
7920,1.6334
7921,1.5327
7922,1.7331
7923,1.5566
7924,1.7597
7925,1.3561
7926,1.9088
7927,1.859
7928,1.4643
7929,1.6797
7930,1.5488
7931,1.719
7932,1.787
7933,1.6144
7934,1.7942
7935,1.5928
7936,1.5853
7937,1.6154
7938,1.4994
7939,1.5862
7940,1.822
7941,1.9135
7942,1.815
7943,1.6323
7944,1.5437
7945,1.5039
7946,2.7313
7947,1.5495
7948,1.5668
7949,1.8093
7950,1.5351
7951,1.515
7952,1.7436
7953,1.7723
7954,1.5345
7955,1.8914
7956,1.7187
7957,1.8373
7958,1.5991
7959,1.5614
7960,1.4216
7961,1.5805
7962,1.7607
7963,1.4942
7964,1.5878
7965,1.7434
7966,1.5408
7967,2.2627
7968,1.6076
7969,1.8602
7970,1.8387
7971,1.4539
7972,2.065
7973,1.6652
7974,1.852
7975,1.4047
7976,1.6436
7977,1.5298
7978,1.7339
7979,1.4027
7980,1.3889
7981,1.6833
7982,1.5544
7983,1.5743
7984,1.5775
7985,2.0972
7986,2.5003
7987,1.4941
7988,1.5452
7989,1.7033
7990,1.4958
7991,1.528
7992,1.6106
7993,1.5415
7994,1.5878
7995,1.8498
7996,1.5966
7997,2.0106
7998,1.3609
7999,1.7178
8000,1.5338
8001,1.5518
8002,1.8386
8003,1.579
8004,1.5792
8005,2.0154
8006,1.7581
8007,1.5228
8008,1.5739
8009,1.5206
8010,1.6615
8011,1.6721
8012,1.5275
8013,1.7305
8014,1.8209
8015,1.5547
8016,1.6568
8017,2.2155
8018,2.0667
8019,2.3309
8020,1.535
8021,1.6369
8022,1.664
8023,1.5724
8024,1.6894
8025,1.5188
8026,1.6324
8027,1.5703
8028,1.8335
8029,1.6649
8030,1.7344
8031,2.051
8032,1.8728
8033,2.2894
8034,1.4924
8035,1.5513
8036,1.7702
8037,1.6001
8038,1.4857
8039,1.4175
8040,1.5417
8041,1.5198
8042,1.5247
8043,1.8382
8044,1.6149
8045,1.6469
8046,1.6362
8047,1.645
8048,1.5945
8049,1.6445
8050,1.4885
8051,1.6145
8052,1.5435
8053,1.9075
8054,1.6493
8055,1.5678
8056,1.4141
8057,1.6038
8058,1.7063
8059,1.5751
8060,1.6462
8061,1.6788
8062,1.6137
8063,1.531
8064,1.6256
8065,1.5275
8066,1.8367
8067,1.4902
8068,2.0297
8069,1.9449
8070,1.5832
8071,1.6442
8072,1.5344
8073,1.8386
8074,2.0848
8075,1.5546
8076,2.3582
8077,1.6236
8078,1.5748
8079,1.6751
8080,1.6132
8081,1.7109
8082,1.6909
8083,1.603
8084,1.4828
8085,1.4304
8086,2.7216
8087,1.5912
8088,1.5389
8089,1.7228
8090,1.849
8091,1.9127
8092,2.1837
8093,1.7319
8094,1.6442
8095,1.9289
8096,1.6771
8097,1.6251
8098,1.5655
8099,1.6659
8100,1.5047
8101,1.7084
8102,1.5762
8103,2.0884
8104,1.5999
8105,1.5694
8106,1.5088
8107,1.5204
8108,1.4658
8109,1.8339
8110,1.882
8111,1.9035
8112,1.6778
8113,1.5815
8114,1.6534
8115,1.6179
8116,1.5338
8117,1.5798
8118,1.5366
8119,1.5753
8120,1.4545
8121,3.0911
8122,1.5501
8123,1.7547
8124,1.7579
8125,1.6984
8126,1.7549
8127,1.7828
8128,2.4622
8129,1.5841
8130,1.6138
8131,1.5536
8132,1.5973
8133,2.2436
8134,1.8664
8135,1.6091
8136,1.4465
8137,2.4697
8138,1.5104
8139,1.7898
8140,1.9109
8141,1.5345
8142,2.0537
8143,1.6999
8144,1.5218
8145,1.6055
8146,1.5959
8147,1.6919
8148,2.6562
8149,1.5575
8150,1.6636
8151,1.7888
8152,1.5459
8153,1.5291
8154,1.6223
8155,1.6822
8156,1.7989
8157,1.848
8158,1.6328
8159,2.5544
8160,2.7776
8161,1.4632
8162,1.6026
8163,1.5581
8164,1.6613
8165,1.6444
8166,1.6296
8167,1.6166
8168,1.5645
8169,1.7718
8170,1.8733
8171,1.5895
8172,1.7513
8173,1.7397
8174,1.7602
8175,2.3334
8176,1.9621
8177,1.4777
8178,1.7105
8179,1.8746
8180,1.584
8181,1.6539
8182,1.748
8183,1.9804
8184,2.6592
8185,1.6521
8186,1.6395
8187,1.693
8188,1.8028
8189,1.5389
8190,1.5939
8191,1.4418
8192,1.6033